USE PROY_DB_2B
GO
SET IDENTITY_INSERT SatMoneda ON
GO
INSERT INTO SatMoneda (
Id,
ClaveSAT,
DescripcionSAT,
DecimalesSAT,
PorcentajeVariacionSAT,
FechaInicioVariacionSAT,
Estatus
) VALUES
(1,'AED','Dirham de EAU',2,500,'2022-01-01T00:00:00', 'I'),
(2,'AFN','Afghani',2,500,'2022-01-01T00:00:00', 'I'),
(3,'ALL','Lek',2,500,'2022-01-01T00:00:00', 'I'),
(4,'AMD','Dram armenio',2,500,'2022-01-01T00:00:00', 'I'),
(5,'ANG','Florín antillano neerlandés',2,500,'2022-01-01T00:00:00', 'I'),
(6,'AOA','Kwanza',2,500,'2022-01-01T00:00:00', 'I'),
(7,'ARS','Peso Argentino',2,500,'2022-01-01T00:00:00', 'I'),
(8,'AUD','Dólar Australiano',2,500,'2022-01-01T00:00:00', 'I'),
(9,'AWG','Aruba Florin',2,500,'2022-01-01T00:00:00', 'I'),
(10,'AZN','Azerbaijanian Manat',2,500,'2022-01-01T00:00:00', 'I'),
(11,'BAM','Convertibles marca',2,500,'2022-01-01T00:00:00', 'I'),
(12,'BBD','Dólar de Barbados',2,500,'2022-01-01T00:00:00', 'I'),
(13,'BDT','Taka',2,500,'2022-01-01T00:00:00', 'I'),
(14,'BGN','Lev búlgaro',2,500,'2022-01-01T00:00:00', 'I'),
(15,'BHD','Dinar de Bahrein',3,500,'2022-01-01T00:00:00', 'I'),
(16,'BIF','Burundi Franc',0,500,'2022-01-01T00:00:00', 'I'),
(17,'BMD','Dólar de Bermudas',2,500,'2022-01-01T00:00:00', 'I'),
(18,'BND','Dólar de Brunei',2,500,'2022-01-01T00:00:00', 'I'),
(19,'BOB','Boliviano',2,500,'2022-01-01T00:00:00', 'I'),
(20,'BOV','Mvdol',2,500,'2022-01-01T00:00:00', 'I'),
(21,'BRL','Real brasileño',2,500,'2022-01-01T00:00:00', 'I'),
(22,'BSD','Dólar de las Bahamas',2,500,'2022-01-01T00:00:00', 'I'),
(23,'BTN','Ngultrum',2,500,'2022-01-01T00:00:00', 'I'),
(24,'BWP','Pula',2,500,'2022-01-01T00:00:00', 'I'),
(25,'BYR','Rublo bielorruso',0,500,'2022-01-01T00:00:00', 'I'),
(26,'BZD','Dólar de Belice',2,500,'2022-01-01T00:00:00', 'I'),
(27,'CAD','Dólar Canadiense',2,500,'2022-01-01T00:00:00', 'I'),
(28,'CDF','Franco congoleño',2,500,'2022-01-01T00:00:00', 'I'),
(29,'CHE','WIR Euro',2,500,'2022-01-01T00:00:00', 'I'),
(30,'CHF','Franco Suizo',2,500,'2022-01-01T00:00:00', 'I'),
(31,'CHW','Franc WIR',2,500,'2022-01-01T00:00:00', 'I'),
(32,'CLF','Unidad de Fomento',4,500,'2022-01-01T00:00:00', 'I'),
(33,'CLP','Peso chileno',0,500,'2022-01-01T00:00:00', 'I'),
(34,'CNH','Yuan extracontinental (China )',2,500,'2022-01-01T00:00:00', 'I'),
(35,'CNY','Yuan Renminbi',2,500,'2022-01-01T00:00:00', 'I'),
(36,'COP','Peso Colombiano',2,500,'2022-01-01T00:00:00', 'I'),
(37,'COU','Unidad de Valor real',2,500,'2022-01-01T00:00:00', 'I'),
(38,'CRC','Colón costarricense',2,500,'2022-01-01T00:00:00', 'I'),
(39,'CUC','Peso Convertible',2,500,'2022-01-01T00:00:00', 'I'),
(40,'CUP','Peso Cubano',2,500,'2022-01-01T00:00:00', 'I'),
(41,'CVE','Cabo Verde Escudo',2,500,'2022-01-01T00:00:00', 'I'),
(42,'CZK','Corona checa',2,500,'2022-01-01T00:00:00', 'I'),
(43,'DJF','Franco de Djibouti',0,500,'2022-01-01T00:00:00', 'I'),
(44,'DKK','Corona danesa',2,500,'2022-01-01T00:00:00', 'I'),
(45,'DOP','Peso Dominicano',2,500,'2022-01-01T00:00:00', 'I'),
(46,'DZD','Dinar argelino',2,500,'2022-01-01T00:00:00', 'I'),
(47,'EGP','Libra egipcia',2,500,'2022-01-01T00:00:00', 'I'),
(48,'ERN','Nakfa',2,500,'2022-01-01T00:00:00', 'I'),
(49,'ESD','Dólar de Ecuador',2,500,'2022-01-01T00:00:00', 'I'),
(50,'ETB','Birr etíope',2,500,'2022-01-01T00:00:00', 'I'),
(51,'EUR','Euro',2,500,'2022-01-01T00:00:00', 'I'),
(52,'FJD','Dólar de Fiji',2,500,'2022-01-01T00:00:00', 'I'),
(53,'FKP','Libra malvinense',2,500,'2022-01-01T00:00:00', 'I'),
(54,'GBP','Libra Esterlina',2,500,'2022-01-01T00:00:00', 'I'),
(55,'GEL','Lari',2,500,'2022-01-01T00:00:00', 'I'),
(56,'GHS','Cedi de Ghana',2,500,'2022-01-01T00:00:00', 'I'),
(57,'GIP','Libra de Gibraltar',2,500,'2022-01-01T00:00:00', 'I'),
(58,'GMD','Dalasi',2,500,'2022-01-01T00:00:00', 'I'),
(59,'GNF','Franco guineano',0,500,'2022-01-01T00:00:00', 'I'),
(60,'GTQ','Quetzal',2,500,'2022-01-01T00:00:00', 'I'),
(61,'GYD','Dólar guyanés',2,500,'2022-01-01T00:00:00', 'I'),
(62,'HKD','Dólar De Hong Kong',2,500,'2022-01-01T00:00:00', 'I'),
(63,'HNL','Lempira',2,500,'2022-01-01T00:00:00', 'I'),
(64,'HRK','Kuna',2,500,'2022-01-01T00:00:00', 'I'),
(65,'HTG','Gourde',2,500,'2022-01-01T00:00:00', 'I'),
(66,'HUF','Florín',2,500,'2022-01-01T00:00:00', 'I'),
(67,'IDR','Rupia',2,500,'2022-01-01T00:00:00', 'I'),
(68,'ILS','Nuevo Shekel Israelí',2,500,'2022-01-01T00:00:00', 'I'),
(69,'INR','Rupia india',2,500,'2022-01-01T00:00:00', 'I'),
(70,'IQD','Dinar iraquí',3,500,'2022-01-01T00:00:00', 'I'),
(71,'IRR','Rial iraní',2,500,'2022-01-01T00:00:00', 'I'),
(72,'ISK','Corona islandesa',0,500,'2022-01-01T00:00:00', 'I'),
(73,'JMD','Dólar Jamaiquino',2,500,'2022-01-01T00:00:00', 'I'),
(74,'JOD','Dinar jordano',3,500,'2022-01-01T00:00:00', 'I'),
(75,'JPY','Yen',0,500,'2022-01-01T00:00:00', 'I'),
(76,'KES','Chelín keniano',2,500,'2022-01-01T00:00:00', 'I'),
(77,'KGS','Som',2,500,'2022-01-01T00:00:00', 'I'),
(78,'KHR','Riel',2,500,'2022-01-01T00:00:00', 'I'),
(79,'KMF','Franco Comoro',0,500,'2022-01-01T00:00:00', 'I'),
(80,'KPW','Corea del Norte ganó',2,500,'2022-01-01T00:00:00', 'I'),
(81,'KRW','Won',0,500,'2022-01-01T00:00:00', 'I'),
(82,'KWD','Dinar kuwaití',3,500,'2022-01-01T00:00:00', 'I'),
(83,'KYD','Dólar de las Islas Caimán',2,500,'2022-01-01T00:00:00', 'I'),
(84,'KZT','Tenge',2,500,'2022-01-01T00:00:00', 'I'),
(85,'LAK','Kip',2,500,'2022-01-01T00:00:00', 'I'),
(86,'LBP','Libra libanesa',2,500,'2022-01-01T00:00:00', 'I'),
(87,'LKR','Rupia de Sri Lanka',2,500,'2022-01-01T00:00:00', 'I'),
(88,'LRD','Dólar liberiano',2,500,'2022-01-01T00:00:00', 'I'),
(89,'LSL','Loti',2,500,'2022-01-01T00:00:00', 'I'),
(90,'LYD','Dinar libio',3,500,'2022-01-01T00:00:00', 'I'),
(91,'MAD','Dirham marroquí',2,500,'2022-01-01T00:00:00', 'I'),
(92,'MDL','Leu moldavo',2,500,'2022-01-01T00:00:00', 'I'),
(93,'MGA','Ariary malgache',2,500,'2022-01-01T00:00:00', 'I'),
(94,'MKD','Denar',2,500,'2022-01-01T00:00:00', 'I'),
(95,'MMK','Kyat',2,500,'2022-01-01T00:00:00', 'I'),
(96,'MNT','Tugrik',2,500,'2022-01-01T00:00:00', 'I'),
(97,'MOP','Pataca',2,500,'2022-01-01T00:00:00', 'I'),
(98,'MRO','Ouguiya',2,500,'2022-01-01T00:00:00', 'I'),
(99,'MUR','Rupia de Mauricio',2,500,'2022-01-01T00:00:00', 'I'),
(100,'MVR','Rupia',2,500,'2022-01-01T00:00:00', 'I'),
(101,'MWK','Kwacha',2,500,'2022-01-01T00:00:00', 'I'),
(102,'MXN','Peso Mexicano',2,500,'2022-01-01T00:00:00', 'I'),
(103,'MXV','México Unidad de Inversión (UDI)',2,500,'2022-01-01T00:00:00', 'I'),
(104,'MYR','Ringgit malayo',2,500,'2022-01-01T00:00:00', 'I'),
(105,'MZN','Mozambique Metical',2,500,'2022-01-01T00:00:00', 'I'),
(106,'NAD','Dólar de Namibia',2,500,'2022-01-01T00:00:00', 'I'),
(107,'NGN','Naira',2,500,'2022-01-01T00:00:00', 'I'),
(108,'NIC','Córdoba (Nicaragua)',2,500,'2022-01-01T00:00:00', 'I'),
(109,'NIO','Córdoba Oro',2,500,'2022-01-01T00:00:00', 'I'),
(110,'NOK','Corona noruega',2,500,'2022-01-01T00:00:00', 'I'),
(111,'NPR','Rupia nepalí',2,500,'2022-01-01T00:00:00', 'I'),
(112,'NZD','Dólar de Nueva Zelanda',2,500,'2022-01-01T00:00:00', 'I'),
(113,'OMR','Rial omaní',3,500,'2022-01-01T00:00:00', 'I'),
(114,'PAB','Balboa',2,500,'2022-01-01T00:00:00', 'I'),
(115,'PEN','Nuevo Sol',2,500,'2022-01-01T00:00:00', 'I'),
(116,'PGK','Kina',2,500,'2022-01-01T00:00:00', 'I'),
(117,'PHP','Peso filipino',2,500,'2022-01-01T00:00:00', 'I'),
(118,'PKR','Rupia de Pakistán',2,500,'2022-01-01T00:00:00', 'I'),
(119,'PLN','Zloty',2,500,'2022-01-01T00:00:00', 'I'),
(120,'PYG','Guaraní',0,500,'2022-01-01T00:00:00', 'I'),
(121,'QAR','Qatar Rial',2,500,'2022-01-01T00:00:00', 'I'),
(122,'RON','Leu rumano',2,500,'2022-01-01T00:00:00', 'I'),
(123,'RSD','Dinar serbio',2,500,'2022-01-01T00:00:00', 'I'),
(124,'RUB','Rublo ruso',2,500,'2022-01-01T00:00:00', 'I'),
(125,'RWF','Franco ruandés',0,500,'2022-01-01T00:00:00', 'I'),
(126,'SAR','Riyal saudí',2,500,'2022-01-01T00:00:00', 'I'),
(127,'SBD','Dólar de las Islas Salomón',2,500,'2022-01-01T00:00:00', 'I'),
(128,'SCR','Rupia de Seychelles',2,500,'2022-01-01T00:00:00', 'I'),
(129,'SDG','Libra sudanesa',2,500,'2022-01-01T00:00:00', 'I'),
(130,'SEK','Corona sueca',2,500,'2022-01-01T00:00:00', 'I'),
(131,'SGD','Dólar De Singapur',2,500,'2022-01-01T00:00:00', 'I'),
(132,'SHP','Libra de Santa Helena',2,500,'2022-01-01T00:00:00', 'I'),
(133,'SLL','Leona',2,500,'2022-01-01T00:00:00', 'I'),
(134,'SOS','Chelín somalí',2,500,'2022-01-01T00:00:00', 'I'),
(135,'SRD','Dólar de Suriname',2,500,'2022-01-01T00:00:00', 'I'),
(136,'SSP','Libra sudanesa Sur',2,500,'2022-01-01T00:00:00', 'I'),
(137,'STD','Dobra',2,500,'2022-01-01T00:00:00', 'I'),
(138,'SVC','Colon El Salvador',2,500,'2022-01-01T00:00:00', 'I'),
(139,'SYP','Libra Siria',2,500,'2022-01-01T00:00:00', 'I'),
(140,'SZL','Lilangeni',2,500,'2022-01-01T00:00:00', 'I'),
(141,'THB','Baht',2,500,'2022-01-01T00:00:00', 'I'),
(142,'TJS','Somoni',2,500,'2022-01-01T00:00:00', 'I'),
(143,'TMT','Turkmenistán nuevo manat',2,500,'2022-01-01T00:00:00', 'I'),
(144,'TND','Dinar tunecino',3,500,'2022-01-01T00:00:00', 'I'),
(145,'TOP','Paanga',2,500,'2022-01-01T00:00:00', 'I'),
(146,'TRY','Lira turca',2,500,'2022-01-01T00:00:00', 'I'),
(147,'TTD','Dólar de Trinidad y Tobago',2,500,'2022-01-01T00:00:00', 'I'),
(148,'TWD','Nuevo dólar de Taiwán',2,500,'2022-01-01T00:00:00', 'I'),
(149,'TZS','Shilling tanzano',2,500,'2022-01-01T00:00:00', 'I'),
(150,'UAH','Hryvnia',2,500,'2022-01-01T00:00:00', 'I'),
(151,'UGX','Shilling de Uganda',0,500,'2022-01-01T00:00:00', 'I'),
(152,'USD','Dólar americano',2,500,'2022-01-01T00:00:00', 'I'),
(153,'USN','Dólar estadounidense (día siguiente)',2,500,'2022-01-01T00:00:00', 'I'),
(154,'UYI','Peso Uruguay en Unidades Indexadas (URUIURUI)',0,500,'2022-01-01T00:00:00', 'I'),
(155,'UYP','Uruguay (Peso)',2,500,'2022-01-01T00:00:00', 'I'),
(156,'UYU','Peso Uruguayo',2,500,'2022-01-01T00:00:00', 'I'),
(157,'UZS','Uzbekistán Sum',2,500,'2022-01-01T00:00:00', 'I'),
(158,'VEF','Bolívar',2,500,'2022-01-01T00:00:00', 'I'),
(159,'VES','Bolívar digital (Venezuela)',2,500,'2022-01-01T00:00:00', 'I'),
(160,'VND','Dong',0,500,'2022-01-01T00:00:00', 'I'),
(161,'VUV','Vatu',0,500,'2022-01-01T00:00:00', 'I'),
(162,'WST','Tala',2,500,'2022-01-01T00:00:00', 'I'),
(163,'XAF','Franco CFA BEAC',0,500,'2022-01-01T00:00:00', 'I'),
(164,'XAG','Plata',0,500,'2022-01-01T00:00:00', 'I'),
(165,'XAU','Oro',0,500,'2022-01-01T00:00:00', 'I'),
(166,'XBA','Unidad de Mercados de Bonos Unidad Europea Composite (EURCO)',0,500,'2022-01-01T00:00:00', 'I'),
(167,'XBB','Unidad Monetaria de Bonos de Mercados Unidad Europea (UEM-6)',0,500,'2022-01-01T00:00:00', 'I'),
(168,'XBC','Mercados de Bonos Unidad Europea unidad de cuenta a 9 (UCE-9)',0,500,'2022-01-01T00:00:00', 'I'),
(169,'XBD','Mercados de Bonos Unidad Europea unidad de cuenta a 17 (UCE-17)',0,500,'2022-01-01T00:00:00', 'I'),
(170,'XCD','Dólar del Caribe Oriental',2,500,'2022-01-01T00:00:00', 'I'),
(171,'XDR','DEG (Derechos Especiales de Giro)',0,500,'2022-01-01T00:00:00', 'I'),
(172,'XOF','Franco CFA BCEAO',0,500,'2022-01-01T00:00:00', 'I'),
(173,'XPD','Paladio',0,500,'2022-01-01T00:00:00', 'I'),
(174,'XPF','Franco CFP',0,500,'2022-01-01T00:00:00', 'I'),
(175,'XPT','Platino',0,500,'2022-01-01T00:00:00', 'I'),
(176,'XSU','Sucre',0,500,'2022-01-01T00:00:00', 'I'),
(177,'XTS','Códigos reservados específicamente para propósitos de prueba',0,500,'2022-01-01T00:00:00', 'I'),
(178,'XUA','Unidad ADB de Cuenta',0,500,'2022-01-01T00:00:00', 'I'),
(179,'XXX','Los códigos asignados para las transacciones en que intervenga ninguna moneda',0,500,'2022-01-01T00:00:00', 'I'),
(180,'YER','Rial yemení',2,500,'2022-01-01T00:00:00', 'I'),
(181,'ZAR','Rand',2,500,'2022-01-01T00:00:00', 'I'),
(182,'ZMW','Kwacha zambiano',2,500,'2022-01-01T00:00:00', 'I'),
(183,'ZWL','Zimbabwe Dólar',2,500,'2022-01-01T00:00:00', 'I');
GO
SET IDENTITY_INSERT SatMoneda OFF

SET IDENTITY_INSERT SatRegimenFiscal ON
GO
INSERT INTO SatRegimenFiscal (
Id,
ClaveSAT,
DescripcionSAT,
PersonaFisicaSAT,
PersonaMoralSAT,
FechaInicioVigenciaSAT,
FechaFinVigenciaSAT,
Estatus)
VALUES 
(1,'601','General de Ley Personas Morales','No','Sí','2022-01-01T00:00:00',NULL,'I'),
(2,'603','Personas Morales con Fines no Lucrativos','No','Sí','2022-01-01T00:00:00',NULL,'I'),
(3,'605','Sueldos y Salarios e Ingresos Asimilados a Salarios','Sí','No','2022-01-01T00:00:00',NULL,'I'),
(4,'606','Arrendamiento','Sí','No','2022-01-01T00:00:00',NULL,'I'),
(5,'607','Régimen de Enajenación o Adquisición de Bienes','Sí','No','2022-01-01T00:00:00',NULL,'I'),
(6,'608','Demás ingresos','Sí','No','2022-01-01T00:00:00',NULL,'I'),
(7,'610','Residentes en el Extranjero sin Establecimiento Permanente en México','Sí','Sí','2022-01-01T00:00:00',NULL,'I'),
(8,'611','Ingresos por Dividendos (socios y accionistas)','Sí','No','2022-01-01T00:00:00',NULL,'I'),
(9,'612','Personas Físicas con Actividades Empresariales y Profesionales','Sí','No','2022-01-01T00:00:00',NULL,'I'),
(10,'614', 'Ingresos por intereses','Sí','No','2022-01-01T00:00:00',NULL,'I'),
(11,'615', 'Régimen de los ingresos por obtención de premios','Sí','No','2022-01-01T00:00:00',NULL,'I'),
(12,'616', 'Sin obligaciones fiscales','Sí','No','2022-01-01T00:00:00',NULL,'I'),
(13,'620', 'Sociedades Cooperativas de Producción que optan por diferir sus ingresos','No','Sí','2022-01-01T00:00:00',NULL,'I'),
(14,'621', 'Incorporación Fiscal','Sí','No','2022-01-01T00:00:00',NULL,'I'),
(15,'622', 'Actividades Agrícolas, Ganaderas, Silvícolas y Pesqueras','No','Sí','2022-01-01T00:00:00',NULL,'I'),
(16,'623', 'Opcional para Grupos de Sociedades','No','Sí','2022-01-01T00:00:00',NULL,'I'),
(17,'624', 'Coordinados','No','Sí','2022-01-01T00:00:00',NULL,'I'),
(18,'625', 'Régimen de las Actividades Empresariales con ingresos a través de Plataformas Tecnológicas','Sí','No','2022-01-01T00:00:00',NULL,'I'),
(19,'626', 'Régimen Simplificado de Confianza','Sí','Sí','2022-01-01T00:00:00',NULL,'I')

SET IDENTITY_INSERT SatRegimenFiscal OFF

SET IDENTITY_INSERT TipoConstitucion ON
GO
INSERT INTO TipoConstitucion (
Id,
Descripcion,
Estatus)
VALUES 
(1,'Persona Física','I'),
(2,'Persona Moral','I')

SET IDENTITY_INSERT TipoConstitucion OFF


SET IDENTITY_INSERT TipoEmpresa ON
GO
INSERT INTO TipoEmpresa (
Id,
Descripcion,
Estatus)
VALUES 
(1,'Iniciativa Privada','I'),
(2,'Gobierno','I')

SET IDENTITY_INSERT TipoEmpresa OFF


SET IDENTITY_INSERT SatTipoHoras ON
GO
INSERT INTO SatTipoHoras (
Id,
ClaveSAT,
DescripcionSAT,
Monto,
Estatus
)
VALUES 
(1,'01','Dobles',2.00,'I'),
(2,'02','Triples',3.00,'I'),
(3,'03','Simples',1.00,'I')


SET IDENTITY_INSERT SatTipoHoras OFF

SET IDENTITY_INSERT AreaGeografica ON
GO
INSERT INTO AreaGeografica (
Id,
Clave,
Descripcion,
Estatus
)
VALUES 
(1,'ZLFN','Zona Libre de la Frontera Norte','I'),
(2,'SMG','Salarios Mínimos Generales','I')

SET IDENTITY_INSERT AreaGeografica OFF


SET IDENTITY_INSERT SatBancos ON
GO
INSERT INTO SatBancos 
(Id,
ClaveSAT,
DescripcionSAT,
RazonSocialSAT,
FechaInicioVigenciaSAT,
FechaFinVigenciaSAT,
ClaveABM,
Estatus)
VALUES 
(1,'002','BANAMEX','Banco Nacional de México, S.A., Institución de Banca Múltiple, Grupo Financiero Banamex',CONVERT(datetime,'01/01/2017',103),NULL,2,'I'),
(2,'006','BANCOMEXT','Banco Nacional de Comercio Exterior, Sociedad Nacional de Crédito, Institución de Banca de Desarrollo',CONVERT(datetime,'01/01/2017',103),NULL,6,'I'),
(3,'009','BANOBRAS','Banco Nacional de Obras y Servicios Públicos, Sociedad Nacional de Crédito, Institución de Banca de Desarrollo',CONVERT(datetime,'01/01/2017',103),NULL,9,'I'),
(4,'012','BBVA BANCOMER','BBVA Bancomer, S.A., Institución de Banca Múltiple, Grupo Financiero BBVA Bancomer',CONVERT(datetime,'01/01/2017',103),NULL,12,'I'),
(5,'014','SANTANDER','Banco Santander (México), S.A., Institución de Banca Múltiple, Grupo Financiero Santander',CONVERT(datetime,'01/01/2017',103),NULL,14,'I'),
(6,'019','BANJERCITO','Banco Nacional del Ejército, Fuerza Aérea y Armada, Sociedad Nacional de Crédito, Institución de Banca de Desarrollo',CONVERT(datetime,'01/01/2017',103),NULL,19,'I'),
(7,'021','HSBC','HSBC México, S.A., institución De Banca Múltiple, Grupo Financiero HSBC',CONVERT(datetime,'01/01/2017',103),NULL,21,'I'),
(8,'030','BAJIO','Banco del Bajío, S.A., Institución de Banca Múltiple',CONVERT(datetime,'01/01/2017',103),NULL,30,'I'),
(9,'032','IXE','IXE Banco, S.A., Institución de Banca Múltiple, IXE Grupo Financiero',CONVERT(datetime,'01/01/2017',103),CONVERT(datetime,'13/08/2017',103),32,'I'),
(10,'036','INBURSA','Banco Inbursa, S.A., Institución de Banca Múltiple, Grupo Financiero Inbursa',CONVERT(datetime,'01/01/2017',103),NULL,36,'I'),
(11,'037','INTERACCIONES','Banco Interacciones, S.A., Institución de Banca Múltiple',CONVERT(datetime,'01/01/2017',103),NULL,37,'I'),
(12,'042','MIFEL','Banca Mifel, S.A., Institución de Banca Múltiple, Grupo Financiero Mifel',CONVERT(datetime,'01/01/2017',103),NULL,42,'I'),
(13,'044','SCOTIABANK','Scotiabank Inverlat, S.A.',CONVERT(datetime,'01/01/2017',103),NULL,44,'I'),
(14,'058','BANREGIO','Banco Regional de Monterrey, S.A., Institución de Banca Múltiple, Banregio Grupo Financiero',CONVERT(datetime,'01/01/2017',103),NULL,58,'I'),
(15,'059','INVEX','Banco Invex, S.A., Institución de Banca Múltiple, Invex Grupo Financiero',CONVERT(datetime,'01/01/2017',103),NULL,59,'I'),
(16,'060','BANSI','Bansi, S.A., Institución de Banca Múltiple',CONVERT(datetime,'01/01/2017',103),NULL,60,'I'),
(17,'062','AFIRME','Banca Afirme, S.A., Institución de Banca Múltiple',CONVERT(datetime,'01/01/2017',103),NULL,62,'I'),
(18,'072','BANORTE/IXE','Banco Mercantil del Norte, S.A., Institución de Banca Múltiple, Grupo Financiero Banorte',CONVERT(datetime,'01/01/2017',103),NULL,72,'I'),
(19,'102','THE ROYAL BANK','The Royal Bank of Scotland México, S.A., Institución de Banca Múltiple',CONVERT(datetime,'01/01/2017',103),NULL,102,'I'),
(20,'103','AMERICAN EXPRESS','American Express Bank (México), S.A., Institución de Banca Múltiple',CONVERT(datetime,'01/01/2017',103),NULL,103,'I'),
(21,'106','BAMSA','Bank of America México, S.A., Institución de Banca Múltiple, Grupo Financiero Bank of America',CONVERT(datetime,'01/01/2017',103),NULL,106,'I'),
(22,'108','TOKYO','Bank of Tokyo-Mitsubishi UFJ (México), S.A.',CONVERT(datetime,'01/01/2017',103),NULL,108,'I'),
(23,'110','JP MORGAN','Banco J.P. Morgan, S.A., Institución de Banca Múltiple, J.P. Morgan Grupo Financiero',CONVERT(datetime,'01/01/2017',103),NULL,110,'I'),
(24,'112','BMONEX','Banco Monex, S.A., Institución de Banca Múltiple',CONVERT(datetime,'01/01/2017',103),NULL,112,'I'),
(25,'113','VE POR MAS','Banco Ve Por Mas, S.A. Institución de Banca Múltiple',CONVERT(datetime,'01/01/2017',103),NULL,113,'I'),
(26,'116','ING','ING Bank (México), S.A., Institución de Banca Múltiple, ING Grupo Financiero',CONVERT(datetime,'01/01/2017',103),CONVERT(datetime,'13/08/2017',103),116,'I'),
(27,'124','DEUTSCHE','Deutsche Bank México, S.A., Institución de Banca Múltiple',CONVERT(datetime,'01/01/2017',103),NULL,124,'I'),
(28,'126','CREDIT SUISSE','Banco Credit Suisse (México), S.A. Institución de Banca Múltiple, Grupo Financiero Credit Suisse (México)',CONVERT(datetime,'01/01/2017',103),NULL,126,'I'),
(29,'127','AZTECA','Banco Azteca, S.A. Institución de Banca Múltiple.',CONVERT(datetime,'01/01/2017',103),NULL,127,'I'),
(30,'128','AUTOFIN','Banco Autofin México, S.A. Institución de Banca Múltiple',CONVERT(datetime,'01/01/2017',103),NULL,128,'I'),
(31,'129','BARCLAYS','Barclays Bank México, S.A., Institución de Banca Múltiple, Grupo Financiero Barclays México',CONVERT(datetime,'01/01/2017',103),NULL,129,'I'),
(32,'130','COMPARTAMOS','Banco Compartamos, S.A., Institución de Banca Múltiple',CONVERT(datetime,'01/01/2017',103),NULL,130,'I'),
(33,'131','BANCO FAMSA','Banco Ahorro Famsa, S.A., Institución de Banca Múltiple',CONVERT(datetime,'01/01/2017',103),NULL,131,'I'),
(34,'132','BMULTIVA','Banco Multiva, S.A., Institución de Banca Múltiple, Multivalores Grupo Financiero',CONVERT(datetime,'01/01/2017',103),NULL,132,'I'),
(35,'133','ACTINVER','Banco Actinver, S.A. Institución de Banca Múltiple, Grupo Financiero Actinver',CONVERT(datetime,'01/01/2017',103),NULL,133,'I'),
(36,'134','WAL-MART','Banco Wal-Mart de México Adelante, S.A., Institución de Banca Múltiple',CONVERT(datetime,'01/01/2017',103),CONVERT(datetime,'13/08/2017',103),134,'I'),
(37,'135','NAFIN','Nacional Financiera, Sociedad Nacional de Crédito, Institución de Banca de Desarrollo',CONVERT(datetime,'01/01/2017',103),NULL,135,'I'),
(38,'136','INTERCAM BANCO','Intercam Banco, S.A., Institución de Banca Múltiple, Intercam Grupo Financiero',CONVERT(datetime,'01/01/2017',103),NULL,136,'I'),
(39,'137','BANCOPPEL','BanCoppel, S.A., Institución de Banca Múltiple',CONVERT(datetime,'01/01/2017',103),NULL,137,'I'),
(40,'138','ABC CAPITAL','ABC Capital, S.A., Institución de Banca Múltiple',CONVERT(datetime,'01/01/2017',103),NULL,138,'I'),
(41,'139','UBS BANK','UBS Bank México, S.A., Institución de Banca Múltiple, UBS Grupo Financiero',CONVERT(datetime,'01/01/2017',103),NULL,139,'I'),
(42,'140','CONSUBANCO','Consubanco, S.A. Institución de Banca Múltiple',CONVERT(datetime,'01/01/2017',103),NULL,140,'I'),
(43,'141','VOLKSWAGEN','Volkswagen Bank, S.A., Institución de Banca Múltiple',CONVERT(datetime,'01/01/2017',103),NULL,141,'I'),
(44,'143','CIBANCO','CIBanco, S.A.',CONVERT(datetime,'01/01/2017',103),NULL,143,'I'),
(45,'145','BBASE','Banco Base, S.A., Institución de Banca Múltiple',CONVERT(datetime,'01/01/2017',103),NULL,145,'I'),
(46,'147','BANKAOOL','Bankaool, S.A., Institución de Banca Múltiple',CONVERT(datetime,'13/08/2017',103),NULL,147,'I'),
(47,'148','PAGATODO','Banco PagaTodo, S.A., Institución de Banca Múltiple',CONVERT(datetime,'13/08/2017',103),NULL,148,'I'),
(48,'149','FORJADORES','Banco Forjadores, S.A., Institución de Banca Múltiple',CONVERT(datetime,'13/08/2017',103),NULL,149,'I'),
(49,'150','INMOBILIARIO','Banco Inmobiliario Mexicano, S.A., Institución de Banca Múltiple',CONVERT(datetime,'13/08/2017',103),NULL,150,'I'),
(50,'151','DONDÉ','Fundación Dondé Banco, S.A., Institución de Banca Múltiple',CONVERT(datetime,'13/08/2017',103),NULL,151,'I'),
(51,'152','BANCREA','Banco Bancrea, S.A., Institución de Banca Múltiple',CONVERT(datetime,'13/08/2017',103),NULL,152,'I'),
(52,'153','PROGRESO','Banco Progreso Chihuahua, S.A.',CONVERT(datetime,'13/08/2017',103),NULL,153,'I'),
(53,'154','BANCO FINTERRA','Banco Finterra, S.A., Institución de Banca Múltiple',CONVERT(datetime,'13/08/2017',103),NULL,154,'I'),
(54,'155','ICBC','Industrial and Commercial Bank of China México, S.A., Institución de Banca Múltiple',CONVERT(datetime,'13/08/2017',103),NULL,155,'I'),
(55,'156','SABADELL','Banco Sabadell, S.A., Institución de Banca Múltiple',CONVERT(datetime,'13/08/2017',103),NULL,156,'I'),
(56,'157','SHINHAN','Banco Shinhan de México, S.A., Institución de Banca Múltiple',CONVERT(datetime,'13/08/2017',103),NULL,157,'I'),
(57,'158','MIZUHO BANK','Mizuho Bank México, S.A., Institución de Banca Múltiple',CONVERT(datetime,'13/08/2017',103),NULL,158,'I'),
(58,'159','BANK OF CHINA','Bank of China México, S.A., Institución de Banca Múltiple',CONVERT(datetime,'13/08/2017',103),NULL,159,'I'),
(59,'160','BANCO S3','Banco S3 México, S.A., Institución de Banca Múltiple',CONVERT(datetime,'13/08/2017',103),NULL,160,'I'),
(60,'166','BANSEFI','Banco del Ahorro Nacional y Servicios Financieros, Sociedad Nacional de Crédito, Institución de Banca de Desarrollo',CONVERT(datetime,'01/01/2017',103),NULL,166,'I'),
(61,'168','HIPOTECARIA FEDERAL','Sociedad Hipotecaria Federal, Sociedad Nacional de Crédito, Institución de Banca de Desarrollo',CONVERT(datetime,'01/01/2017',103),NULL,168,'I'),
(62,'600','MONEXCB','Monex Casa de Bolsa, S.A. de C.V. Monex Grupo Financiero',CONVERT(datetime,'01/01/2017',103),NULL,600,'I'),
(63,'601','GBM','GBM Grupo Bursátil Mexicano, S.A. de C.V. Casa de Bolsa',CONVERT(datetime,'01/01/2017',103),NULL,601,'I'),
(64,'602','MASARI','Masari Casa de Bolsa, S.A.',CONVERT(datetime,'01/01/2017',103),NULL,602,'I'),
(65,'605','VALUE','Value, S.A. de C.V. Casa de Bolsa',CONVERT(datetime,'01/01/2017',103),NULL,605,'I'),
(66,'606','ESTRUCTURADORES','Estructuradores del Mercado de Valores Casa de Bolsa, S.A. de C.V.',CONVERT(datetime,'01/01/2017',103),NULL,606,'I'),
(67,'607','TIBER','Casa de Cambio Tiber, S.A. de C.V.',CONVERT(datetime,'01/01/2017',103),NULL,607,'I'),
(68,'608','VECTOR','Vector Casa de Bolsa, S.A. de C.V.',CONVERT(datetime,'01/01/2017',103),NULL,608,'I'),
(69,'610','B&B','B y B, Casa de Cambio, S.A. de C.V.',CONVERT(datetime,'01/01/2017',103),NULL,610,'I'),
(70,'614','ACCIVAL','Acciones y Valores Banamex, S.A. de C.V., Casa de Bolsa',CONVERT(datetime,'01/01/2017',103),NULL,614,'I'),
(71,'615','MERRILL LYNCH','Merrill Lynch México, S.A. de C.V. Casa de Bolsa',CONVERT(datetime,'01/01/2017',103),NULL,615,'I'),
(72,'616','FINAMEX','Casa de Bolsa Finamex, S.A. de C.V.',CONVERT(datetime,'01/01/2017',103),NULL,616,'I'),
(73,'617','VALMEX','Valores Mexicanos Casa de Bolsa, S.A. de C.V.',CONVERT(datetime,'01/01/2017',103),NULL,617,'I'),
(74,'618','UNICA','Unica Casa de Cambio, S.A. de C.V.',CONVERT(datetime,'01/01/2017',103),NULL,618,'I'),
(75,'619','MAPFRE','MAPFRE Tepeyac, S.A.',CONVERT(datetime,'01/01/2017',103),NULL,619,'I'),
(76,'620','PROFUTURO','Profuturo G.N.P., S.A. de C.V., Afore',CONVERT(datetime,'01/01/2017',103),NULL,620,'I'),
(77,'621','CB ACTINVER','Actinver Casa de Bolsa, S.A. de C.V.',CONVERT(datetime,'01/01/2017',103),NULL,621,'I'),
(78,'622','OACTIN','OPERADORA ACTINVER, S.A. DE C.V.',CONVERT(datetime,'01/01/2017',103),NULL,622,'I'),
(79,'623','SKANDIA','Skandia Vida, S.A. de C.V.',CONVERT(datetime,'01/01/2017',103),NULL,623,'I'),
(80,'626','CBDEUTSCHE','Deutsche Securities, S.A. de C.V. CASA DE BOLSA',CONVERT(datetime,'01/01/2017',103),NULL,626,'I'),
(81,'627','ZURICH','Zurich Compañía de Seguros, S.A.',CONVERT(datetime,'01/01/2017',103),NULL,627,'I'),
(82,'628','ZURICHVI','Zurich Vida, Compañía de Seguros, S.A.',CONVERT(datetime,'01/01/2017',103),NULL,628,'I'),
(83,'629','SU CASITA','Hipotecaria Su Casita, S.A. de C.V. SOFOM ENR',CONVERT(datetime,'01/01/2017',103),NULL,629,'I'),
(84,'630','CB INTERCAM','Intercam Casa de Bolsa, S.A. de C.V.',CONVERT(datetime,'01/01/2017',103),NULL,630,'I'),
(85,'631','CI BOLSA','CI Casa de Bolsa, S.A. de C.V.',CONVERT(datetime,'01/01/2017',103),NULL,631,'I'),
(86,'632','BULLTICK CB','Bulltick Casa de Bolsa, S.A., de C.V.',CONVERT(datetime,'01/01/2017',103),NULL,632,'I'),
(87,'633','STERLING','Sterling Casa de Cambio, S.A. de C.V.',CONVERT(datetime,'01/01/2017',103),NULL,633,'I'),
(88,'634','FINCOMUN','Fincomún, Servicios Financieros Comunitarios, S.A. de C.V.',CONVERT(datetime,'01/01/2017',103),NULL,634,'I'),
(89,'636','HDI SEGUROS','HDI Seguros, S.A. de C.V.',CONVERT(datetime,'01/01/2017',103),NULL,636,'I'),
(90,'637','ORDER','Order Express Casa de Cambio, S.A. de C.V',CONVERT(datetime,'01/01/2017',103),NULL,637,'I'),
(91,'638','AKALA','Akala, S.A. de C.V., Sociedad Financiera Popular',CONVERT(datetime,'01/01/2017',103),NULL,638,'I'),
(92,'640','CB JPMORGAN','J.P. Morgan Casa de Bolsa, S.A. de C.V. J.P. Morgan Grupo Financiero',CONVERT(datetime,'01/01/2017',103),NULL,640,'I'),
(93,'642','REFORMA','Operadora de Recursos Reforma, S.A. de C.V., S.F.P.',CONVERT(datetime,'01/01/2017',103),NULL,642,'I'),
(94,'646','STP','Sistema de Transferencias y Pagos STP, S.A. de C.V.SOFOM ENR',CONVERT(datetime,'01/01/2017',103),NULL,646,'I'),
(95,'647','TELECOMM','Telecomunicaciones de México',CONVERT(datetime,'01/01/2017',103),NULL,647,'I'),
(96,'648','EVERCORE','Evercore Casa de Bolsa, S.A. de C.V.',CONVERT(datetime,'01/01/2017',103),NULL,648,'I'),
(97,'649','SKANDIA','Skandia Operadora de Fondos, S.A. de C.V.',CONVERT(datetime,'01/01/2017',103),NULL,649,'I'),
(98,'651','SEGMTY','Seguros Monterrey New York Life, S.A de C.V',CONVERT(datetime,'01/01/2017',103),NULL,651,'I'),
(99,'652','ASEA','Solución Asea, S.A. de C.V., Sociedad Financiera Popular',CONVERT(datetime,'01/01/2017',103),NULL,652,'I'),
(100,'653','KUSPIT','Kuspit Casa de Bolsa, S.A. de C.V.',CONVERT(datetime,'01/01/2017',103),NULL,653,'I'),
(101,'655','SOFIEXPRESS','J.P. SOFIEXPRESS, S.A. de C.V., S.F.P.',CONVERT(datetime,'01/01/2017',103),NULL,655,'I'),
(102,'656','UNAGRA','UNAGRA, S.A. de C.V., S.F.P.',CONVERT(datetime,'01/01/2017',103),NULL,656,'I'),
(103,'659','OPCIONES EMPRESARIALES DEL NOROESTE','OPCIONES EMPRESARIALES DEL NORESTE, S.A. DE C.V., S.F.P.',CONVERT(datetime,'01/01/2017',103),NULL,659,'I'),
(104,'670','LIBERTAD','Libertad Servicios Financieros, S.A. De C.V.',CONVERT(datetime,'01/01/2017',103),NULL,670,'I'),
(105,'901','CLS','Cls Bank International',CONVERT(datetime,'01/01/2017',103),NULL,901,'I'),
(106,'902','INDEVAL','SD. Indeval, S.A. de C.V.',CONVERT(datetime,'01/01/2017',103),NULL,902,'I')


SET IDENTITY_INSERT SatBancos OFF

SET IDENTITY_INSERT BaseCotizacion   ON
GO
INSERT INTO BaseCotizacion   
(Id,
Descripcion,
Estatus)
VALUES 
(1	,'Fija'	,'I'),
(2	,'Variable'	,'I'),
(3	,'Mixta'	,'I')

SET IDENTITY_INSERT BaseCotizacion OFF

SET IDENTITY_INSERT SatRiesgoPuesto   ON
GO
INSERT INTO SatRiesgoPuesto   
(
Id,
ClaveSAT,
Descripcion,
FechaInicioVigencia,
FechaFinVigencia,
Estatus
)
VALUES 
(1,'1','Clase I',CONVERT(datetime,'01/01/2017',103),NULL,'I'),
(2,'2','Clase II',CONVERT(datetime,'01/01/2017',103),NULL,'I'),
(3,'3','Clase III',CONVERT(datetime,'01/01/2017',103),NULL,'I'),
(4,'4','Clase IV',CONVERT(datetime,'01/01/2017',103),NULL,'I'),
(5,'5','Clase V',CONVERT(datetime,'01/01/2017',103),NULL,'I'),
(6,'99','No aplica',CONVERT(datetime,'13/08/2017',103),NULL,'I')


SET IDENTITY_INSERT SatRiesgoPuesto OFF


SET IDENTITY_INSERT Departamentos   ON
GO
INSERT INTO Departamentos   
(
Id,
Descripcion,
EmpresaId,
MontoPropio,
Estatus
)
VALUES 
(1,'Presidencia',1,0,'I'),
(2,'Finanzas',1,0,'I'),
(3,'Mercadotecnia',1,0,'I'),
(4,'Recursos Humanos',1,0,'I'),
(5,'Adquisiciones',1,0,'I'),
(6,'Presupuestos',1,0,'I'),
(7,'Comunicación',1,0,'I'),
(8,'Tesoreria',1,0,'I'),
(9,'Tecnologías De Información',1,0,'I'),
(10,'Patrimonio',1,0,'I'),
(11,'Contabilidad',1,0,'I'),
(12,'Administración',1,0,'I'),
(13,'Producción',1,0,'I'),
(15,'Ventas',1,0,'I'),
(16,'Director',1,0,'I'),
(17,'Operativa',1,0,'I'),
(18,'Mantenimiento',1,0,'I'),
(19,'Embarques',1,0,'I'),
(20,'Proyectos',1,0,'I'),
(21,'Operaciones',1,0,'I'),
(22,'Gerencia',1,0,'I'),
(23,'Oficina',1,0,'I'),
(24,'Operativo',1,0,'I'),
(25,'Sistemas',1,0,'I'),
(26,'Albañileria',1,0,'I'),
(27,'Jardinería',1,0,'I'),
(28,'Diseño',1,0,'I'),
(29,'Legal',1,0,'I'),
(30,'Servicios Primarios',1,0,'I'),
(31,'Secretaría Administrativa',1,0,'I'),
(32,'Rectoria',1,0,'I'),
(33,'Ecología',1,0,'I'),
(34,'Mantenimiento Eléctrico',1,0,'I'),
(35,'Obras Públicas',1,0,'I'),
(36,'Instituto De La Mujer',1,0,'I'),
(37,'Subdireccion De Soporte Tecnico',1,0,'I'),
(38,'Juridico',1,0,'I'),
(39,'Contraloria',1,0,'I'),
(40,'Ptc',1,0,'I'),
(41,'Coordinador En El Area De Trabajo',1,0,'I'),
(42,'Docente Movilidad Estudiantil',1,0,'I'),
(43,'Subdireccion De Servicios Escolares',1,0,'I'),
(44,'Educacion Cultura Y Deportes',1,0,'I'),
(45,'Oficina Alcalde',1,0,'I'),
(46,'Regidores',1,0,'I'),
(47,'Dif',1,0,'I'),
(48,'Jueces',1,0,'I'),
(49,'Proteccion Civil',1,0,'I'),
(50,'Desarrollo Social',1,0,'I'),
(51,'Comedor',1,0,'I'),
(52,'Ayuntamiento',1,0,'I'),
(53,'Fortaleza',1,0,'I'),
(54,'Policia Y Transito',1,0,'I'),
(55,'Tenencia De La Tierra',1,0,'I'),
(56,'Mecanicos',1,0,'I'),
(57,'Parque Vehicular',1,0,'I'),
(58,'Desarrollo Urbano',1,0,'I'),
(59,'Subdireccion De Servicios Estudiantiles',1,0,'I'),
(60,'Subdireccion De Procesos De Produccion',1,0,'I'),
(61,'Profesor Asignatura',1,0,'I'),
(62,'Jefe De Proyecto Nemak',1,0,'I'),
(63,'Subdireccion De Tsu En Inclusion',1,0,'I'),
(64,'Subdireccion De Carrera De Mecatronica',1,0,'I'),
(65,'Coordinador De Ingenierias',1,0,'I'),
(66,'Coordinador Deportivo',1,0,'I'),
(67,'Analista Administrativo',1,0,'I'),
(68,'Direccion Academica',1,0,'I'),
(69,'Coordinador De Mantenimiento',1,0,'I'),
(70,'Prefecto',1,0,'I'),
(71,'Coordinador De Psicologia',1,0,'I'),
(72,'Coordinador De Produccion Digital',1,0,'I'),
(73,'Coordinador De Relaciones Industriales',1,0,'I'),
(74,'Coordinador De Innovacion',1,0,'I'),
(75,'Coordinador De Tiflotegnologia',1,0,'I'),
(76,'Interprete Lsm',1,0,'I'),
(77,'Psicologia',1,0,'I'),
(78,'Museo Milarca',1,0,'I'),
(79,'Auxiliar De Psicología',1,0,'I'),
(80,'Asesor',1,0,'I'),
(81,'Asesor Tecnico',1,0,'I'),
(82,'Subdirección De De Tecnología Educativa',1,0,'I'),
(83,'Asistente De Relaciones Industriales',1,0,'I'),
(84,'Coodinadora De Programas De Aulas Virtual',1,0,'I'),
(85,'Diseñador Gráfico',1,0,'I'),
(86,'Coordinador De Innovación',1,0,'I'),
(87,'Evaluación Y Planeación',1,0,'I'),
(88,'Subdirección De Carrera Mtto Industrial',1,0,'I'),
(89,'Diseño De Contenidos',1,0,'I'),
(90,'Jefe De Oficina Rectoría',1,0,'I'),
(91,'Técnico De Laboratorio',1,0,'I'),
(92,'Jefe De Oficina De Tesoreria',1,0,'I'),
(93,'Secretaria De Dirección',1,0,'I'),
(94,'Secretaria De Carrera',1,0,'I'),
(95,'Jefe De Oficina De Nóminas',1,0,'I'),
(96,'Jefe De Oficina Compras',1,0,'I'),
(97,'Técnico Bibliotecario',1,0,'I'),
(98,'Coordinador De Inclusión Educativa Pad',1,0,'I'),
(99,'Responsable Operativo Aulas Virtuales',1,0,'I'),
(100,'Encargada De Cajas Y Cobranza',1,0,'I'),
(101,'Plataforma Virtual',1,0,'I'),
(102,'Auxiliar Administrativo',1,0,'I'),
(103,'Auxiliar De Recursos Humanos',1,0,'I'),
(104,'Secretaria Académica',1,0,'I'),
(105,'Jefe',1,0,'I'),
(106,'Jefe De Departamento',1,0,'I'),
(107,'Auxiliar',1,0,'I'),
(108,'Auxiliar De Intendencia',1,0,'I'),
(109,'Vinculacion Y Difusión',1,0,'I'),
(110,'Museo Vallecillo',1,0,'I'),
(111,'Director Juridico',1,0,'I'),
(112,'Cultura Coordinador Deportes',1,0,'I'),
(113,'Eventuales',1,0,'I'),
(114,'Intendente',1,0,'I'),
(115,'Centro Medico',1,0,'I'),
(116,'Secretario De Medio Ambiente Y Entorno Urbano',1,0,'I'),
(117,'Policia Administrativo',1,0,'I'),
(118,'Director De Policia',1,0,'I'),
(119,'Sindico',1,0,'I'),
(120,'Secretario De Ayuntamiento',1,0,'I'),
(121,'Director De Servicios Publicos',1,0,'I'),
(122,'Tesoreria Secretaria',1,0,'I'),
(123,'Secretaria Recepcion',1,0,'I'),
(124,'Cocina',1,0,'I'),
(125,'Mesas',1,0,'I'),
(126,'Municipio Garcia',1,0,'I'),
(127,'Taller',1,0,'I'),
(128,'Fortaleza Intendente',1,0,'I'),
(129,'Marmolero',1,0,'I'),
(130,'Presidencia Municipal',1,0,'I'),
(131,'Almacen',1,0,'I'),
(132,'Instalación',1,0,'I'),
(133,'Servicio Al Cliente',1,0,'I'),
(134,'Atención A Clientes',1,0,'I'),
(135,'Maquinados',1,0,'I'),
(136,'Urbanizacion',1,0,'I'),
(137,'Obra',1,0,'I'),
(138,'Obras',1,0,'I'),
(139,'Limpieza',1,0,'I'),
(140,'Laboratorio',1,0,'I'),
(141,'Dirección General',1,0,'I'),
(142,'Promoción',1,0,'I'),
(143,'Supervisión',1,0,'I'),
(144,'Vigilancia',1,0,'I'),
(145,'Estructuras',1,0,'I'),
(146,'Costos',1,0,'I'),
(147,'Supervisor',1,0,'I'),
(148,'Instalacion',1,0,'I'),
(149,'Tienda',1,0,'I'),
(150,'Párroco',1,0,'I'),
(151,'Notaria',1,0,'I'),
(152,'Construcción',1,0,'I'),
(153,'Campo',1,0,'I'),
(154,'Administrador General',1,0,'I')



SET IDENTITY_INSERT Departamentos OFF

SET IDENTITY_INSERT EstadoCivil   ON
GO
INSERT INTO EstadoCivil   
(
Id,
Descripcion,
Estatus
)
VALUES 
(1,'Soltero','I'),
(2,'Casado','I'),
(3,'Divorciado','I'),
(4,'Viudo','I'),
(5,'Soltera','I'),
(6,'Casada','I'),
(7,'Divorciada','I'),
(8,'Viuda','I'),
(9,'Union Libre','I'),
(10,'Concubinato','I'),
(99,'Sin Información','I')

SET IDENTITY_INSERT EstadoCivil OFF

SET IDENTITY_INSERT SatEstados   ON
GO
INSERT INTO SatEstados   
(
Id,
PaisId,
ClaveSAT,
DescripcionSAT,
FechaInicioVigenciaSAT,
FechaFinVigenciaSAT,
FolioINEGI,
Estatus
)
VALUES 
(1,151,'AGU','Aguascalientes',CONVERT(datetime,'01/01/2022',103),NULL,1,'I'),
(2,151,'BCN','Baja California',CONVERT(datetime,'01/01/2022',103),NULL,2,'I'),
(3,151,'BCS','Baja California Sur',CONVERT(datetime,'01/01/2022',103),NULL,3,'I'),
(4,151,'CAM','Campeche',CONVERT(datetime,'01/01/2022',103),NULL,4,'I'),
(5,151,'CHP','Chiapas',CONVERT(datetime,'01/01/2022',103),NULL,5,'I'),
(6,151,'CHH','Chihuahua',CONVERT(datetime,'01/01/2022',103),NULL,6,'I'),
(7,151,'COA','Coahuila',CONVERT(datetime,'01/01/2022',103),NULL,7,'I'),
(8,151,'COL','Colima',CONVERT(datetime,'01/01/2022',103),NULL,8,'I'),
(9,151,'CMX','Ciudad de México',CONVERT(datetime,'01/01/2022',103),NULL,9,'I'),
(10,151,'DUR','Durango',CONVERT(datetime,'01/01/2022',103),NULL,10,'I'),
(11,151,'GUA','Guanajuato',CONVERT(datetime,'01/01/2022',103),NULL,11,'I'),
(12,151,'GRO','Guerrero',CONVERT(datetime,'01/01/2022',103),NULL,12,'I'),
(13,151,'HID','Hidalgo',CONVERT(datetime,'01/01/2022',103),NULL,13,'I'),
(14,151,'JAL','Jalisco',CONVERT(datetime,'01/01/2022',103),NULL,14,'I'),
(15,151,'MEX','Estado de México',CONVERT(datetime,'01/01/2022',103),NULL,15,'I'),
(16,151,'MIC','Michoacán',CONVERT(datetime,'01/01/2022',103),NULL,16,'I'),
(17,151,'MOR','Morelos',CONVERT(datetime,'01/01/2022',103),NULL,17,'I'),
(18,151,'NAY','Nayarit',CONVERT(datetime,'01/01/2022',103),NULL,18,'I'),
(19,151,'NLE','Nuevo León',CONVERT(datetime,'01/01/2022',103),NULL,19,'I'),
(20,151,'OAX','Oaxaca',CONVERT(datetime,'01/01/2022',103),NULL,20,'I'),
(21,151,'PUE','Puebla',CONVERT(datetime,'01/01/2022',103),NULL,21,'I'),
(22,151,'QUE','Querétaro',CONVERT(datetime,'01/01/2022',103),NULL,22,'I'),
(23,151,'ROO','Quintana Roo',CONVERT(datetime,'01/01/2022',103),NULL,23,'I'),
(24,151,'SLP','San Luis Potosí',CONVERT(datetime,'01/01/2022',103),NULL,24,'I'),
(25,151,'SIN','Sinaloa',CONVERT(datetime,'01/01/2022',103),NULL,25,'I'),
(26,151,'SON','Sonora',CONVERT(datetime,'01/01/2022',103),NULL,26,'I'),
(27,151,'TAB','Tabasco',CONVERT(datetime,'01/01/2022',103),NULL,27,'I'),
(28,151,'TAM','Tamaulipas',CONVERT(datetime,'01/01/2022',103),NULL,28,'I'),
(29,151,'TLA','Tlaxcala',CONVERT(datetime,'01/01/2022',103),NULL,29,'I'),
(30,151,'VER','Veracruz',CONVERT(datetime,'01/01/2022',103),NULL,30,'I'),
(31,151,'YUC','Yucatán',CONVERT(datetime,'01/01/2022',103),NULL,31,'I'),
(32,151,'ZAC','Zacatecas',CONVERT(datetime,'01/01/2022',103),NULL,32,'I'),
(33,66,'AL','Alabama',CONVERT(datetime,'01/01/2022',103),NULL,0,'I'),
(34,66,'AK','Alaska',CONVERT(datetime,'01/01/2022',103),NULL,0,'I'),
(35,66,'AZ','Arizona',CONVERT(datetime,'01/01/2022',103),NULL,0,'I'),
(36,66,'AR','Arkansas',CONVERT(datetime,'01/01/2022',103),NULL,0,'I'),
(37,66,'CA','California',CONVERT(datetime,'01/01/2022',103),NULL,0,'I'),
(38,66,'NC','Carolina del Norte',CONVERT(datetime,'01/01/2022',103),NULL,0,'I'),
(39,66,'SC','Carolina del Sur',CONVERT(datetime,'01/01/2022',103),NULL,0,'I'),
(40,66,'CO','Colorado',CONVERT(datetime,'01/01/2022',103),NULL,0,'I'),
(41,66,'CT','Connecticut',CONVERT(datetime,'01/01/2022',103),NULL,0,'I'),
(42,66,'ND','Dakota del Norte',CONVERT(datetime,'01/01/2022',103),NULL,0,'I'),
(43,66,'SD','Dakota del Sur',CONVERT(datetime,'01/01/2022',103),NULL,0,'I'),
(44,66,'DE','Delaware',CONVERT(datetime,'01/01/2022',103),NULL,0,'I'),
(45,66,'FL','Florida',CONVERT(datetime,'01/01/2022',103),NULL,0,'I'),
(46,66,'GA','Georgia',CONVERT(datetime,'01/01/2022',103),NULL,0,'I'),
(47,66,'HI','Hawái',CONVERT(datetime,'01/01/2022',103),NULL,0,'I'),
(48,66,'ID','Idaho',CONVERT(datetime,'01/01/2022',103),NULL,0,'I'),
(49,66,'IL','Illinois',CONVERT(datetime,'01/01/2022',103),NULL,0,'I'),
(50,66,'IN','Indiana',CONVERT(datetime,'01/01/2022',103),NULL,0,'I'),
(51,66,'IA','Iowa',CONVERT(datetime,'01/01/2022',103),NULL,0,'I'),
(52,66,'KS','Kansas',CONVERT(datetime,'01/01/2022',103),NULL,0,'I'),
(53,66,'KY','Kentucky',CONVERT(datetime,'01/01/2022',103),NULL,0,'I'),
(54,66,'LA','Luisiana',CONVERT(datetime,'01/01/2022',103),NULL,0,'I'),
(55,66,'ME','Maine',CONVERT(datetime,'01/01/2022',103),NULL,0,'I'),
(56,66,'MD','Maryland',CONVERT(datetime,'01/01/2022',103),NULL,0,'I'),
(57,66,'MA','Massachusetts',CONVERT(datetime,'01/01/2022',103),NULL,0,'I'),
(58,66,'MI','Míchigan',CONVERT(datetime,'01/01/2022',103),NULL,0,'I'),
(59,66,'MN','Minnesota',CONVERT(datetime,'01/01/2022',103),NULL,0,'I'),
(60,66,'MS','Misisipi',CONVERT(datetime,'01/01/2022',103),NULL,0,'I'),
(61,66,'MO','Misuri',CONVERT(datetime,'01/01/2022',103),NULL,0,'I'),
(62,66,'MT','Montana',CONVERT(datetime,'01/01/2022',103),NULL,0,'I'),
(63,66,'NE','Nebraska',CONVERT(datetime,'01/01/2022',103),NULL,0,'I'),
(64,66,'NV','Nevada',CONVERT(datetime,'01/01/2022',103),NULL,0,'I'),
(65,66,'NJ','Nueva Jersey',CONVERT(datetime,'01/01/2022',103),NULL,0,'I'),
(66,66,'NY','Nueva York',CONVERT(datetime,'01/01/2022',103),NULL,0,'I'),
(67,66,'NH','Nuevo Hampshire',CONVERT(datetime,'01/01/2022',103),NULL,0,'I'),
(68,66,'NM','Nuevo México',CONVERT(datetime,'01/01/2022',103),NULL,0,'I'),
(69,66,'OH','Ohio',CONVERT(datetime,'01/01/2022',103),NULL,0,'I'),
(70,66,'OK','Oklahoma',CONVERT(datetime,'01/01/2022',103),NULL,0,'I'),
(71,66,'OR','Oregón',CONVERT(datetime,'01/01/2022',103),NULL,0,'I'),
(72,66,'PA','Pensilvania',CONVERT(datetime,'01/01/2022',103),NULL,0,'I'),
(73,66,'RI','Rhode Island',CONVERT(datetime,'01/01/2022',103),NULL,0,'I'),
(74,66,'TN','Tennessee',CONVERT(datetime,'01/01/2022',103),NULL,0,'I'),
(75,66,'TX','Texas',CONVERT(datetime,'01/01/2022',103),NULL,0,'I'),
(76,66,'UT','Utah',CONVERT(datetime,'01/01/2022',103),NULL,0,'I'),
(77,66,'VT','Vermont',CONVERT(datetime,'01/01/2022',103),NULL,0,'I'),
(78,66,'VA','Virginia',CONVERT(datetime,'01/01/2022',103),NULL,0,'I'),
(79,66,'WV','Virginia Occidental',CONVERT(datetime,'01/01/2022',103),NULL,0,'I'),
(80,66,'WA','Washington',CONVERT(datetime,'01/01/2022',103),NULL,0,'I'),
(81,66,'WI','Wisconsin',CONVERT(datetime,'01/01/2022',103),NULL,0,'I'),
(82,66,'WY','Wyoming',CONVERT(datetime,'01/01/2022',103),NULL,0,'I'),
(83,40,'ON','Ontario',CONVERT(datetime,'01/01/2022',103),NULL,0,'I'),
(84,40,'QC','Quebec',CONVERT(datetime,'01/01/2022',103),NULL,0,'I'),
(85,40,'NS','Nueva Escocia',CONVERT(datetime,'01/01/2022',103),NULL,0,'I'),
(86,40,'NB','Nuevo Brunswick',CONVERT(datetime,'01/01/2022',103),NULL,0,'I'),
(87,40,'MB','Manitoba',CONVERT(datetime,'01/01/2022',103),NULL,0,'I'),
(88,40,'BC','Columbia Británica',CONVERT(datetime,'01/01/2022',103),NULL,0,'I'),
(89,40,'PE','Isla del Príncipe Eduardo',CONVERT(datetime,'01/01/2022',103),NULL,0,'I'),
(90,40,'SK','Saskatchewan',CONVERT(datetime,'01/01/2022',103),NULL,0,'I'),
(91,40,'AB','Alberta',CONVERT(datetime,'01/01/2022',103),NULL,0,'I'),
(92,40,'NL','Terranova y Labrador',CONVERT(datetime,'01/01/2022',103),NULL,0,'I'),
(93,40,'NT','Territorios del Noroeste',CONVERT(datetime,'01/01/2022',103),NULL,0,'I'),
(94,40,'YT','Yukón',CONVERT(datetime,'01/01/2022',103),NULL,0,'I'),
(95,40,'UN','Nunavut',CONVERT(datetime,'01/01/2022',103),NULL,0,'I')

SET IDENTITY_INSERT SatEstados OFF


SET IDENTITY_INSERT SatFormaPago ON
GO
INSERT INTO SatFormaPago   
(
Id,
ClaveSAT,
DescripcionSAT,
BancarizadoSAT,
Tipo,
FechaInicioVigenciaSAT,
FechaFinVigenciaSAT,
Estatus
)
VALUES 
(1,'01','Efectivo','No','G',CONVERT(datetime,'01/01/2022',103),NULL,'I'),
(2,'02','Cheque nominativo','Sí','G',CONVERT(datetime,'01/01/2022',103),NULL,'I'),
(3,'03','Transferencia electrónica de fondos','Sí','G',CONVERT(datetime,'01/01/2022',103),NULL,'I'),
(4,'04','Tarjeta de crédito','Sí','G',CONVERT(datetime,'01/01/2022',103),NULL,'I'),
(5,'05','Monedero electrónico','Sí','G',CONVERT(datetime,'01/01/2022',103),NULL,'I'),
(6,'06','Dinero electrónico','Sí','G',CONVERT(datetime,'01/01/2022',103),NULL,'I'),
(7,'08','Vales de despensa','No','G',CONVERT(datetime,'01/01/2022',103),NULL,'I'),
(8,'12','Dación en pago','No','F',CONVERT(datetime,'01/01/2022',103),NULL,'I'),
(9,'13','Pago por subrogación','No','F',CONVERT(datetime,'01/01/2022',103),NULL,'I'),
(10,'14','Pago por consignación','No','F',CONVERT(datetime,'01/01/2022',103),NULL,'I'),
(11,'15','Condonación','No','F',CONVERT(datetime,'01/01/2022',103),NULL,'I'),
(12,'17','Compensación','No','F',CONVERT(datetime,'01/01/2022',103),NULL,'I'),
(13,'23','Novación','No','F',CONVERT(datetime,'01/01/2022',103),NULL,'I'),
(14,'24','Confusión','No','F',CONVERT(datetime,'01/01/2022',103),NULL,'I'),
(15,'25','Remisión de deuda','No','F',CONVERT(datetime,'01/01/2022',103),NULL,'I'),
(16,'26','Prescripción o caducidad','No','F',CONVERT(datetime,'01/01/2022',103),NULL,'I'),
(17,'27','A satisfacción del acreedor','No','F',CONVERT(datetime,'01/01/2022',103),NULL,'I'),
(18,'28','Tarjeta de débito','Sí','G',CONVERT(datetime,'01/01/2022',103),NULL,'I'),
(19,'29','Tarjeta de servicios','Sí','G',CONVERT(datetime,'01/01/2022',103),NULL,'I'),
(20,'30','Aplicación de anticipos','No','F',CONVERT(datetime,'01/01/2022',103),NULL,'I'),
(21,'31','Intermediario pagos','No','F',CONVERT(datetime,'01/01/2022',103),NULL,'I'),
(22,'99','Por definir','No','G',CONVERT(datetime,'01/01/2022',103),NULL,'I')


SET IDENTITY_INSERT SatFormaPago OFF

SET IDENTITY_INSERT SatPeriocidadPago ON
GO
INSERT INTO SatPeriocidadPago   
(
Id,
ClaveSAT,
DescripcionSAT,
FechaInicioVigenciaSAT,
FechaFinVigenciaSAT,
Dias,
DiasValidos,
Estatus
)
VALUES 
(1,'01','Diario',CONVERT(datetime,'01/11/2016',103),NULL,0,NULL,'I'),
(2,'02','Semanal',CONVERT(datetime,'01/11/2016',103),NULL,7,NULL,'I'),
(3,'03','Catorcenal',CONVERT(datetime,'01/11/2016',103),NULL,14,'1|15|','I'),
(4,'04','Quincenal',CONVERT(datetime,'01/11/2016',103),NULL,15,'1|16|','I'),
(5,'05','Mensual',CONVERT(datetime,'01/11/2016',103),NULL,30,'1|','I'),
(6,'06','Bimestral',CONVERT(datetime,'01/11/2016',103),NULL,0,NULL,'I'),
(7,'07','Unidad obra',CONVERT(datetime,'01/11/2016',103),NULL,0,NULL,'I'),
(8,'08','Comisión',CONVERT(datetime,'01/11/2016',103),NULL,0,NULL,'I'),
(9,'09','Precio alzado',CONVERT(datetime,'01/11/2016',103),NULL,0,NULL,'I'),
(10,'10','Decenal',CONVERT(datetime,'19/01/2017',103),NULL,10,'1|11|21|','I'),
(11,'99','Otra Periodicidad',CONVERT(datetime,'01/11/2016',103),NULL,0,NULL,'I')

SET IDENTITY_INSERT SatPeriocidadPago OFF

SET IDENTITY_INSERT MotivoNoTimbrar ON
GO
INSERT INTO MotivoNoTimbrar   
(
Id,
Descripcion,
Estatus
)
VALUES 
(1,'En Trámite Por Minoría De Edad','E'),
(2,'RFC En Trámite','E'),
(3,'RFC Duplicado','E'),
(99,'No Aplica','E')

SET IDENTITY_INSERT MotivoNoTimbrar OFF

SET IDENTITY_INSERT SatMunicipios ON
GO
INSERT INTO SatMunicipios   
(
Id,
EstadoId,
ClaveSAT,
DescripcionSAT,
FechaInicioVigenciaSAT,
FechaFinVigenciaSAT,
Estatus
)
VALUES 
(1,1,'001','Aguascalientes',CONVERT(datetime,'01/01/2022',103),NULL,'I'),
(2,2,'001','Ensenada',CONVERT(datetime,'01/01/2022',103),NULL,'I'),
(3,3,'001','Comondú',CONVERT(datetime,'01/01/2022',103),NULL,'I'),
(4,4,'001','Calkiní',CONVERT(datetime,'01/01/2022',103),NULL,'I'),
(5,7,'001','Abasolo',CONVERT(datetime,'01/01/2022',103),NULL,'I'),
(6,8,'001','Armería',CONVERT(datetime,'01/01/2022',103),NULL,'I'),
(7,6,'001','Ahumada',CONVERT(datetime,'01/01/2022',103),NULL,'I'),
(8,5,'001','Acacoyagua',CONVERT(datetime,'01/01/2022',103),NULL,'I'),
(9,10,'001','Canatlán',CONVERT(datetime,'01/01/2022',103),NULL,'I'),
(10,12,'001','Acapulco de Juárez',CONVERT(datetime,'01/01/2022',103),NULL,'I'),
(11,11,'001','Abasolo',CONVERT(datetime,'01/01/2022',103),NULL,'I'),
(12,13,'001','Acatlán',CONVERT(datetime,'01/01/2022',103),NULL,'I'),
(13,14,'001','Acatic',CONVERT(datetime,'01/01/2022',103),NULL,'I'),
(14,15,'001','Acambay de Ruíz Castañeda',CONVERT(datetime,'01/01/2022',103),NULL,'I'),
(15,16,'001','Acuitzio',CONVERT(datetime,'01/01/2022',103),NULL,'I'),
(16,17,'001','Amacuzac',CONVERT(datetime,'01/01/2022',103),NULL,'I'),
(17,18,'001','Acaponeta',CONVERT(datetime,'01/01/2022',103),NULL,'I'),
(18,19,'001','Abasolo',CONVERT(datetime,'01/01/2022',103),NULL,'I'),
(19,20,'001','Abejones',CONVERT(datetime,'01/01/2022',103),NULL,'I'),
(20,21,'001','Acajete',CONVERT(datetime,'01/01/2022',103),NULL,'I'),
(21,22,'001','Amealco de Bonfil',CONVERT(datetime,'01/01/2022',103),NULL,'I'),
(22,23,'001','Cozumel',CONVERT(datetime,'01/01/2022',103),NULL,'I'),
(23,25,'001','Ahome',CONVERT(datetime,'01/01/2022',103),NULL,'I'),
(24,24,'001','Ahualulco',CONVERT(datetime,'01/01/2022',103),NULL,'I'),
(25,26,'001','Aconchi',CONVERT(datetime,'01/01/2022',103),NULL,'I'),
(26,27,'001','Balancán',CONVERT(datetime,'01/01/2022',103),NULL,'I'),
(27,28,'001','Abasolo',CONVERT(datetime,'01/01/2022',103),NULL,'I'),
(28,29,'001','Amaxac de Guerrero',CONVERT(datetime,'01/01/2022',103),NULL,'I'),
(29,30,'001','Acajete',CONVERT(datetime,'01/01/2022',103),NULL,'I'),
(30,31,'001','Abalá',CONVERT(datetime,'01/01/2022',103),NULL,'I'),
(31,32,'001','Apozol',CONVERT(datetime,'01/01/2022',103),NULL,'I'),
(32,1,'002','Asientos',CONVERT(datetime,'01/01/2022',103),NULL,'I'),
(33,2,'002','Mexicali',CONVERT(datetime,'01/01/2022',103),NULL,'I'),
(34,3,'002','Mulegé',CONVERT(datetime,'01/01/2022',103),NULL,'I'),
(35,4,'002','Campeche',CONVERT(datetime,'01/01/2022',103),NULL,'I'),
(36,7,'002','Acuña',CONVERT(datetime,'01/01/2022',103),NULL,'I'),
(37,8,'002','Colima',CONVERT(datetime,'01/01/2022',103),NULL,'I'),
(38,6,'002','Aldama',CONVERT(datetime,'01/01/2022',103),NULL,'I'),
(39,5,'002','Acala',CONVERT(datetime,'01/01/2022',103),NULL,'I'),
(40,9,'002','Azcapotzalco',CONVERT(datetime,'01/01/2022',103),NULL,'I'),
(41,10,'002','Canelas',CONVERT(datetime,'01/01/2022',103),NULL,'I'),
(42,12,'002','Ahuacuotzingo',CONVERT(datetime,'01/01/2022',103),NULL,'I'),
(43,11,'002','Acámbaro',CONVERT(datetime,'01/01/2022',103),NULL,'I'),
(44,13,'002','Acaxochitlán',CONVERT(datetime,'01/01/2022',103),NULL,'I'),
(45,14,'002','Acatlán de Juárez',CONVERT(datetime,'01/01/2022',103),NULL,'I'),
(46,15,'002','Acolman',CONVERT(datetime,'01/01/2022',103),NULL,'I'),
(47,16,'002','Aguililla',CONVERT(datetime,'01/01/2022',103),NULL,'I'),
(48,17,'002','Atlatlahucan',CONVERT(datetime,'01/01/2022',103),NULL,'I'),
(49,18,'002','Ahuacatlán',CONVERT(datetime,'01/01/2022',103),NULL,'I'),
(50,19,'002','Agualeguas',CONVERT(datetime,'01/01/2022',103),NULL,'I'),
(51,20,'002','Acatlán de Pérez Figueroa',CONVERT(datetime,'01/01/2022',103),NULL,'I'),
(52,21,'002','Acateno',CONVERT(datetime,'01/01/2022',103),NULL,'I'),
(53,22,'002','Pinal de Amoles',CONVERT(datetime,'01/01/2022',103),NULL,'I'),
(54,23,'002','Felipe Carrillo Puerto',CONVERT(datetime,'01/01/2022',103),NULL,'I'),
(55,25,'002','Angostura',CONVERT(datetime,'01/01/2022',103),NULL,'I'),
(56,24,'002','Alaquines',CONVERT(datetime,'01/01/2022',103),NULL,'I'),
(57,26,'002','Agua Prieta',CONVERT(datetime,'01/01/2022',103),NULL,'I'),
(58,27,'002','Cárdenas',CONVERT(datetime,'01/01/2022',103),NULL,'I'),
(59,28,'002','Aldama',CONVERT(datetime,'01/01/2022',103),NULL,'I'),
(60,29,'002','Apetatitlán de Antonio Carvajal',CONVERT(datetime,'01/01/2022',103),NULL,'I'),
(61,30,'002','Acatlán',CONVERT(datetime,'01/01/2022',103),NULL,'I'),
(62,31,'002','Acanceh',CONVERT(datetime,'01/01/2022',103),NULL,'I'),
(63,32,'002','Apulco',CONVERT(datetime,'01/01/2022',103),NULL,'I'),
(64,1,'003','Calvillo',CONVERT(datetime,'01/01/2022',103),NULL,'I'),
(65,2,'003','Tecate',CONVERT(datetime,'01/01/2022',103),NULL,'I'),
(66,3,'003','La Paz',CONVERT(datetime,'01/01/2022',103),NULL,'I'),
(67,4,'003','Carmen',CONVERT(datetime,'01/01/2022',103),NULL,'I'),
(68,7,'003','Allende',CONVERT(datetime,'01/01/2022',103),NULL,'I'),
(69,8,'003','Comala',CONVERT(datetime,'01/01/2022',103),NULL,'I'),
(70,6,'003','Allende',CONVERT(datetime,'01/01/2022',103),NULL,'I'),
(71,5,'003','Acapetahua',CONVERT(datetime,'01/01/2022',103),NULL,'I'),
(72,9,'003','Coyoacán',CONVERT(datetime,'01/01/2022',103),NULL,'I'),
(73,10,'003','Coneto de Comonfort',CONVERT(datetime,'01/01/2022',103),NULL,'I'),
(74,12,'003','Ajuchitlán del Progreso',CONVERT(datetime,'01/01/2022',103),NULL,'I'),
(75,11,'003','San Miguel de Allende',CONVERT(datetime,'01/01/2022',103),NULL,'I'),
(76,13,'003','Actopan',CONVERT(datetime,'01/01/2022',103),NULL,'I'),
(77,14,'003','Ahualulco de Mercado',CONVERT(datetime,'01/01/2022',103),NULL,'I'),
(78,15,'003','Aculco',CONVERT(datetime,'01/01/2022',103),NULL,'I'),
(79,16,'003','Álvaro Obregón',CONVERT(datetime,'01/01/2022',103),NULL,'I'),
(80,17,'003','Axochiapan',CONVERT(datetime,'01/01/2022',103),NULL,'I'),
(81,18,'003','Amatlán de Cañas',CONVERT(datetime,'01/01/2022',103),NULL,'I'),
(82,19,'003','Los Aldamas',CONVERT(datetime,'01/01/2022',103),NULL,'I'),
(83,20,'003','Asunción Cacalotepec',CONVERT(datetime,'01/01/2022',103),NULL,'I'),
(84,21,'003','Acatlán',CONVERT(datetime,'01/01/2022',103),NULL,'I'),
(85,22,'003','Arroyo Seco',CONVERT(datetime,'01/01/2022',103),NULL,'I'),
(86,23,'003','Isla Mujeres',CONVERT(datetime,'01/01/2022',103),NULL,'I'),
(87,25,'003','Badiraguato',CONVERT(datetime,'01/01/2022',103),NULL,'I'),
(88,24,'003','Aquismón',CONVERT(datetime,'01/01/2022',103),NULL,'I'),
(89,26,'003','Alamos',CONVERT(datetime,'01/01/2022',103),NULL,'I'),
(90,27,'003','Centla',CONVERT(datetime,'01/01/2022',103),NULL,'I'),
(91,28,'003','Altamira',CONVERT(datetime,'01/01/2022',103),NULL,'I'),
(92,29,'003','Atlangatepec',CONVERT(datetime,'01/01/2022',103),NULL,'I'),
(93,30,'003','Acayucan',CONVERT(datetime,'01/01/2022',103),NULL,'I'),
(94,31,'003','Akil',CONVERT(datetime,'01/01/2022',103),NULL,'I'),
(95,32,'003','Atolinga',CONVERT(datetime,'01/01/2022',103),NULL,'I'),
(96,1,'004','Cosío',CONVERT(datetime,'01/01/2022',103),NULL,'I'),
(97,2,'004','Tijuana',CONVERT(datetime,'01/01/2022',103),NULL,'I'),
(98,4,'004','Champotón',CONVERT(datetime,'01/01/2022',103),NULL,'I'),
(99,7,'004','Arteaga',CONVERT(datetime,'01/01/2022',103),NULL,'I'),
(100,8,'004','Coquimatlán',CONVERT(datetime,'01/01/2022',103),NULL,'I'),
(101,6,'004','Aquiles Serdán',CONVERT(datetime,'01/01/2022',103),NULL,'I'),
(102,5,'004','Altamirano',CONVERT(datetime,'01/01/2022',103),NULL,'I'),
(103,9,'004','Cuajimalpa de Morelos',CONVERT(datetime,'01/01/2022',103),NULL,'I'),
(104,10,'004','Cuencamé',CONVERT(datetime,'01/01/2022',103),NULL,'I'),
(105,12,'004','Alcozauca de Guerrero',CONVERT(datetime,'01/01/2022',103),NULL,'I'),
(106,11,'004','Apaseo el Alto',CONVERT(datetime,'01/01/2022',103),NULL,'I'),
(107,13,'004','Agua Blanca de Iturbide',CONVERT(datetime,'01/01/2022',103),NULL,'I'),
(108,14,'004','Amacueca',CONVERT(datetime,'01/01/2022',103),NULL,'I'),
(109,15,'004','Almoloya de Alquisiras',CONVERT(datetime,'01/01/2022',103),NULL,'I'),
(110,16,'004','Angamacutiro',CONVERT(datetime,'01/01/2022',103),NULL,'I'),
(111,17,'004','Ayala',CONVERT(datetime,'01/01/2022',103),NULL,'I'),
(112,18,'004','Compostela',CONVERT(datetime,'01/01/2022',103),NULL,'I'),
(113,19,'004','Allende',CONVERT(datetime,'01/01/2022',103),NULL,'I'),
(114,20,'004','Asunción Cuyotepeji',CONVERT(datetime,'01/01/2022',103),NULL,'I'),
(115,21,'004','Acatzingo',CONVERT(datetime,'01/01/2022',103),NULL,'I'),
(116,22,'004','Cadereyta de Montes',CONVERT(datetime,'01/01/2022',103),NULL,'I'),
(117,23,'004','Othón P. Blanco',CONVERT(datetime,'01/01/2022',103),NULL,'I'),
(118,25,'004','Concordia',CONVERT(datetime,'01/01/2022',103),NULL,'I'),
(119,24,'004','Armadillo de los Infante',CONVERT(datetime,'01/01/2022',103),NULL,'I'),
(120,26,'004','Altar',CONVERT(datetime,'01/01/2022',103),NULL,'I'),
(121,27,'004','Centro',CONVERT(datetime,'01/01/2022',103),NULL,'I'),
(122,28,'004','Antiguo Morelos',CONVERT(datetime,'01/01/2022',103),NULL,'I'),
(123,29,'004','Atltzayanca',CONVERT(datetime,'01/01/2022',103),NULL,'I'),
(124,30,'004','Actopan',CONVERT(datetime,'01/01/2022',103),NULL,'I'),
(125,31,'004','Baca',CONVERT(datetime,'01/01/2022',103),NULL,'I'),
(126,32,'004','Benito Juárez',CONVERT(datetime,'01/01/2022',103),NULL,'I'),
(127,1,'005','Jesús María',CONVERT(datetime,'01/01/2022',103),NULL,'I'),
(128,2,'005','Playas de Rosarito',CONVERT(datetime,'01/01/2022',103),NULL,'I'),
(129,4,'005','Hecelchakán',CONVERT(datetime,'01/01/2022',103),NULL,'I'),
(130,7,'005','Candela',CONVERT(datetime,'01/01/2022',103),NULL,'I'),
(131,8,'005','Cuauhtémoc',CONVERT(datetime,'01/01/2022',103),NULL,'I'),
(132,6,'005','Ascensión',CONVERT(datetime,'01/01/2022',103),NULL,'I'),
(133,5,'005','Amatán',CONVERT(datetime,'01/01/2022',103),NULL,'I'),
(134,9,'005','Gustavo A. Madero',CONVERT(datetime,'01/01/2022',103),NULL,'I'),
(135,10,'005','Durango',CONVERT(datetime,'01/01/2022',103),NULL,'I'),
(136,12,'005','Alpoyeca',CONVERT(datetime,'01/01/2022',103),NULL,'I'),
(137,11,'005','Apaseo el Grande',CONVERT(datetime,'01/01/2022',103),NULL,'I'),
(138,13,'005','Ajacuba',CONVERT(datetime,'01/01/2022',103),NULL,'I'),
(139,14,'005','Amatitán',CONVERT(datetime,'01/01/2022',103),NULL,'I'),
(140,15,'005','Almoloya de Juárez',CONVERT(datetime,'01/01/2022',103),NULL,'I'),
(141,16,'005','Angangueo',CONVERT(datetime,'01/01/2022',103),NULL,'I'),
(142,17,'005','Coatlán del Río',CONVERT(datetime,'01/01/2022',103),NULL,'I'),
(143,18,'005','Huajicori',CONVERT(datetime,'01/01/2022',103),NULL,'I'),
(144,19,'005','Anáhuac',CONVERT(datetime,'01/01/2022',103),NULL,'I'),
(145,20,'005','Asunción Ixtaltepec',CONVERT(datetime,'01/01/2022',103),NULL,'I'),
(146,21,'005','Acteopan',CONVERT(datetime,'01/01/2022',103),NULL,'I'),
(147,22,'005','Colón',CONVERT(datetime,'01/01/2022',103),NULL,'I'),
(148,23,'005','Benito Juárez',CONVERT(datetime,'01/01/2022',103),NULL,'I'),
(149,25,'005','Cosalá',CONVERT(datetime,'01/01/2022',103),NULL,'I'),
(150,24,'005','Cárdenas',CONVERT(datetime,'01/01/2022',103),NULL,'I'),
(151,26,'005','Arivechi',CONVERT(datetime,'01/01/2022',103),NULL,'I'),
(152,27,'005','Comalcalco',CONVERT(datetime,'01/01/2022',103),NULL,'I'),
(153,28,'005','Burgos',CONVERT(datetime,'01/01/2022',103),NULL,'I'),
(154,29,'005','Apizaco',CONVERT(datetime,'01/01/2022',103),NULL,'I'),
(155,30,'005','Acula',CONVERT(datetime,'01/01/2022',103),NULL,'I'),
(156,31,'005','Bokobá',CONVERT(datetime,'01/01/2022',103),NULL,'I'),
(157,32,'005','Calera',CONVERT(datetime,'01/01/2022',103),NULL,'I'),
(158,1,'006','Pabellón de Arteaga',CONVERT(datetime,'01/01/2022',103),NULL,'I'),
(159,4,'006','Hopelchén',CONVERT(datetime,'01/01/2022',103),NULL,'I'),
(160,7,'006','Castaños',CONVERT(datetime,'01/01/2022',103),NULL,'I'),
(161,8,'006','Ixtlahuacán',CONVERT(datetime,'01/01/2022',103),NULL,'I'),
(162,6,'006','Bachíniva',CONVERT(datetime,'01/01/2022',103),NULL,'I'),
(163,5,'006','Amatenango de la Frontera',CONVERT(datetime,'01/01/2022',103),NULL,'I'),
(164,9,'006','Iztacalco',CONVERT(datetime,'01/01/2022',103),NULL,'I'),
(165,10,'006','General Simón Bolívar',CONVERT(datetime,'01/01/2022',103),NULL,'I'),
(166,12,'006','Apaxtla',CONVERT(datetime,'01/01/2022',103),NULL,'I'),
(167,11,'006','Atarjea',CONVERT(datetime,'01/01/2022',103),NULL,'I'),
(168,13,'006','Alfajayucan',CONVERT(datetime,'01/01/2022',103),NULL,'I'),
(169,14,'006','Ameca',CONVERT(datetime,'01/01/2022',103),NULL,'I'),
(170,15,'006','Almoloya del Río',CONVERT(datetime,'01/01/2022',103),NULL,'I'),
(171,16,'006','Apatzingán',CONVERT(datetime,'01/01/2022',103),NULL,'I'),
(172,17,'006','Cuautla',CONVERT(datetime,'01/01/2022',103),NULL,'I'),
(173,18,'006','Ixtlán del Río',CONVERT(datetime,'01/01/2022',103),NULL,'I'),
(174,19,'006','Apodaca',CONVERT(datetime,'01/01/2022',103),NULL,'I'),
(175,20,'006','Asunción Nochixtlán',CONVERT(datetime,'01/01/2022',103),NULL,'I'),
(176,21,'006','Ahuacatlán',CONVERT(datetime,'01/01/2022',103),NULL,'I'),
(177,22,'006','Corregidora',CONVERT(datetime,'01/01/2022',103),NULL,'I'),
(178,23,'006','José María Morelos',CONVERT(datetime,'01/01/2022',103),NULL,'I'),
(179,25,'006','Culiacán',CONVERT(datetime,'01/01/2022',103),NULL,'I'),
(180,24,'006','Catorce',CONVERT(datetime,'01/01/2022',103),NULL,'I'),
(181,26,'006','Arizpe',CONVERT(datetime,'01/01/2022',103),NULL,'I'),
(182,27,'006','Cunduacán',CONVERT(datetime,'01/01/2022',103),NULL,'I'),
(183,28,'006','Bustamante',CONVERT(datetime,'01/01/2022',103),NULL,'I'),
(184,29,'006','Calpulalpan',CONVERT(datetime,'01/01/2022',103),NULL,'I'),
(185,30,'006','Acultzingo',CONVERT(datetime,'01/01/2022',103),NULL,'I'),
(186,31,'006','Buctzotz',CONVERT(datetime,'01/01/2022',103),NULL,'I'),
(187,32,'006','Cañitas de Felipe Pescador',CONVERT(datetime,'01/01/2022',103),NULL,'I'),
(188,1,'007','Rincón de Romos',CONVERT(datetime,'01/01/2022',103),NULL,'I'),
(189,4,'007','Palizada',CONVERT(datetime,'01/01/2022',103),NULL,'I'),
(190,7,'007','Cuatro Ciénegas',CONVERT(datetime,'01/01/2022',103),NULL,'I'),
(191,8,'007','Manzanillo',CONVERT(datetime,'01/01/2022',103),NULL,'I'),
(192,6,'007','Balleza',CONVERT(datetime,'01/01/2022',103),NULL,'I'),
(193,5,'007','Amatenango del Valle',CONVERT(datetime,'01/01/2022',103),NULL,'I'),
(194,9,'007','Iztapalapa',CONVERT(datetime,'01/01/2022',103),NULL,'I'),
(195,10,'007','Gómez Palacio',CONVERT(datetime,'01/01/2022',103),NULL,'I'),
(196,12,'007','Arcelia',CONVERT(datetime,'01/01/2022',103),NULL,'I'),
(197,11,'007','Celaya',CONVERT(datetime,'01/01/2022',103),NULL,'I'),
(198,13,'007','Almoloya',CONVERT(datetime,'01/01/2022',103),NULL,'I'),
(199,14,'007','San Juanito de Escobedo',CONVERT(datetime,'01/01/2022',103),NULL,'I'),
(200,15,'007','Amanalco',CONVERT(datetime,'01/01/2022',103),NULL,'I'),
(201,16,'007','Aporo',CONVERT(datetime,'01/01/2022',103),NULL,'I'),
(202,17,'007','Cuernavaca',CONVERT(datetime,'01/01/2022',103),NULL,'I'),
(203,18,'007','Jala',CONVERT(datetime,'01/01/2022',103),NULL,'I'),
(204,19,'007','Aramberri',CONVERT(datetime,'01/01/2022',103),NULL,'I'),
(205,20,'007','Asunción Ocotlán',CONVERT(datetime,'01/01/2022',103),NULL,'I'),
(206,21,'007','Ahuatlán',CONVERT(datetime,'01/01/2022',103),NULL,'I'),
(207,22,'007','Ezequiel Montes',CONVERT(datetime,'01/01/2022',103),NULL,'I'),
(208,23,'007','Lázaro Cárdenas',CONVERT(datetime,'01/01/2022',103),NULL,'I'),
(209,25,'007','Choix',CONVERT(datetime,'01/01/2022',103),NULL,'I'),
(210,24,'007','Cedral',CONVERT(datetime,'01/01/2022',103),NULL,'I'),
(211,26,'007','Atil',CONVERT(datetime,'01/01/2022',103),NULL,'I'),
(212,27,'007','Emiliano Zapata',CONVERT(datetime,'01/01/2022',103),NULL,'I'),
(213,28,'007','Camargo',CONVERT(datetime,'01/01/2022',103),NULL,'I'),
(214,29,'007','El Carmen Tequexquitla',CONVERT(datetime,'01/01/2022',103),NULL,'I'),
(215,30,'007','Camarón de Tejeda',CONVERT(datetime,'01/01/2022',103),NULL,'I'),
(216,31,'007','Cacalchén',CONVERT(datetime,'01/01/2022',103),NULL,'I'),
(217,32,'007','Concepción del Oro',CONVERT(datetime,'01/01/2022',103),NULL,'I'),
(218,1,'008','San José de Gracia',CONVERT(datetime,'01/01/2022',103),NULL,'I'),
(219,3,'008','Los Cabos',CONVERT(datetime,'01/01/2022',103),NULL,'I'),
(220,4,'008','Tenabo',CONVERT(datetime,'01/01/2022',103),NULL,'I'),
(221,7,'008','Escobedo',CONVERT(datetime,'01/01/2022',103),NULL,'I'),
(222,8,'008','Minatitlán',CONVERT(datetime,'01/01/2022',103),NULL,'I'),
(223,6,'008','Batopilas',CONVERT(datetime,'01/01/2022',103),NULL,'I'),
(224,5,'008','Angel Albino Corzo',CONVERT(datetime,'01/01/2022',103),NULL,'I'),
(225,9,'008','La Magdalena Contreras',CONVERT(datetime,'01/01/2022',103),NULL,'I'),
(226,10,'008','Guadalupe Victoria',CONVERT(datetime,'01/01/2022',103),NULL,'I'),
(227,12,'008','Atenango del Río',CONVERT(datetime,'01/01/2022',103),NULL,'I'),
(228,11,'008','Manuel Doblado',CONVERT(datetime,'01/01/2022',103),NULL,'I'),
(229,13,'008','Apan',CONVERT(datetime,'01/01/2022',103),NULL,'I'),
(230,14,'008','Arandas',CONVERT(datetime,'01/01/2022',103),NULL,'I'),
(231,15,'008','Amatepec',CONVERT(datetime,'01/01/2022',103),NULL,'I'),
(232,16,'008','Aquila',CONVERT(datetime,'01/01/2022',103),NULL,'I'),
(233,17,'008','Emiliano Zapata',CONVERT(datetime,'01/01/2022',103),NULL,'I'),
(234,18,'008','Xalisco',CONVERT(datetime,'01/01/2022',103),NULL,'I'),
(235,19,'008','Bustamante',CONVERT(datetime,'01/01/2022',103),NULL,'I'),
(236,20,'008','Asunción Tlacolulita',CONVERT(datetime,'01/01/2022',103),NULL,'I'),
(237,21,'008','Ahuazotepec',CONVERT(datetime,'01/01/2022',103),NULL,'I'),
(238,22,'008','Huimilpan',CONVERT(datetime,'01/01/2022',103),NULL,'I'),
(239,23,'008','Solidaridad',CONVERT(datetime,'01/01/2022',103),NULL,'I'),
(240,25,'008','Elota',CONVERT(datetime,'01/01/2022',103),NULL,'I'),
(241,24,'008','Cerritos',CONVERT(datetime,'01/01/2022',103),NULL,'I'),
(242,26,'008','Bacadéhuachi',CONVERT(datetime,'01/01/2022',103),NULL,'I'),
(243,27,'008','Huimanguillo',CONVERT(datetime,'01/01/2022',103),NULL,'I'),
(244,28,'008','Casas',CONVERT(datetime,'01/01/2022',103),NULL,'I'),
(245,29,'008','Cuapiaxtla',CONVERT(datetime,'01/01/2022',103),NULL,'I'),
(246,30,'008','Alpatláhuac',CONVERT(datetime,'01/01/2022',103),NULL,'I'),
(247,31,'008','Calotmul',CONVERT(datetime,'01/01/2022',103),NULL,'I'),
(248,32,'008','Cuauhtémoc',CONVERT(datetime,'01/01/2022',103),NULL,'I'),
(249,1,'009','Tepezalá',CONVERT(datetime,'01/01/2022',103),NULL,'I'),
(250,3,'009','Loreto',CONVERT(datetime,'01/01/2022',103),NULL,'I'),
(251,4,'009','Escárcega',CONVERT(datetime,'01/01/2022',103),NULL,'I'),
(252,7,'009','Francisco I. Madero',CONVERT(datetime,'01/01/2022',103),NULL,'I'),
(253,8,'009','Tecomán',CONVERT(datetime,'01/01/2022',103),NULL,'I'),
(254,6,'009','Bocoyna',CONVERT(datetime,'01/01/2022',103),NULL,'I'),
(255,5,'009','Arriaga',CONVERT(datetime,'01/01/2022',103),NULL,'I'),
(256,9,'009','Milpa Alta',CONVERT(datetime,'01/01/2022',103),NULL,'I'),
(257,10,'009','Guanaceví',CONVERT(datetime,'01/01/2022',103),NULL,'I'),
(258,12,'009','Atlamajalcingo del Monte',CONVERT(datetime,'01/01/2022',103),NULL,'I'),
(259,11,'009','Comonfort',CONVERT(datetime,'01/01/2022',103),NULL,'I'),
(260,13,'009','El Arenal',CONVERT(datetime,'01/01/2022',103),NULL,'I'),
(261,14,'009','El Arenal',CONVERT(datetime,'01/01/2022',103),NULL,'I'),
(262,15,'009','Amecameca',CONVERT(datetime,'01/01/2022',103),NULL,'I'),
(263,16,'009','Ario',CONVERT(datetime,'01/01/2022',103),NULL,'I'),
(264,17,'009','Huitzilac',CONVERT(datetime,'01/01/2022',103),NULL,'I'),
(265,18,'009','Del Nayar',CONVERT(datetime,'01/01/2022',103),NULL,'I'),
(266,19,'009','Cadereyta Jiménez',CONVERT(datetime,'01/01/2022',103),NULL,'I'),
(267,20,'009','Ayotzintepec',CONVERT(datetime,'01/01/2022',103),NULL,'I'),
(268,21,'009','Ahuehuetitla',CONVERT(datetime,'01/01/2022',103),NULL,'I'),
(269,22,'009','Jalpan de Serra',CONVERT(datetime,'01/01/2022',103),NULL,'I'),
(270,23,'009','Tulum',CONVERT(datetime,'01/01/2022',103),NULL,'I'),
(271,25,'009','Escuinapa',CONVERT(datetime,'01/01/2022',103),NULL,'I'),
(272,24,'009','Cerro de San Pedro',CONVERT(datetime,'01/01/2022',103),NULL,'I'),
(273,26,'009','Bacanora',CONVERT(datetime,'01/01/2022',103),NULL,'I'),
(274,27,'009','Jalapa',CONVERT(datetime,'01/01/2022',103),NULL,'I'),
(275,28,'009','Ciudad Madero',CONVERT(datetime,'01/01/2022',103),NULL,'I'),
(276,29,'009','Cuaxomulco',CONVERT(datetime,'01/01/2022',103),NULL,'I'),
(277,30,'009','Alto Lucero de Gutiérrez Barrios',CONVERT(datetime,'01/01/2022',103),NULL,'I'),
(278,31,'009','Cansahcab',CONVERT(datetime,'01/01/2022',103),NULL,'I'),
(279,32,'009','Chalchihuites',CONVERT(datetime,'01/01/2022',103),NULL,'I'),
(280,1,'010','El Llano',CONVERT(datetime,'01/01/2022',103),NULL,'I'),
(281,4,'010','Calakmul',CONVERT(datetime,'01/01/2022',103),NULL,'I'),
(282,7,'010','Frontera',CONVERT(datetime,'01/01/2022',103),NULL,'I'),
(283,8,'010','Villa de Álvarez',CONVERT(datetime,'01/01/2022',103),NULL,'I'),
(284,6,'010','Buenaventura',CONVERT(datetime,'01/01/2022',103),NULL,'I'),
(285,5,'010','Bejucal de Ocampo',CONVERT(datetime,'01/01/2022',103),NULL,'I'),
(286,9,'010','Álvaro Obregón',CONVERT(datetime,'01/01/2022',103),NULL,'I'),
(287,10,'010','Hidalgo',CONVERT(datetime,'01/01/2022',103),NULL,'I'),
(288,12,'010','Atlixtac',CONVERT(datetime,'01/01/2022',103),NULL,'I'),
(289,11,'010','Coroneo',CONVERT(datetime,'01/01/2022',103),NULL,'I'),
(290,13,'010','Atitalaquia',CONVERT(datetime,'01/01/2022',103),NULL,'I'),
(291,14,'010','Atemajac de Brizuela',CONVERT(datetime,'01/01/2022',103),NULL,'I'),
(292,15,'010','Apaxco',CONVERT(datetime,'01/01/2022',103),NULL,'I'),
(293,16,'010','Arteaga',CONVERT(datetime,'01/01/2022',103),NULL,'I'),
(294,17,'010','Jantetelco',CONVERT(datetime,'01/01/2022',103),NULL,'I'),
(295,18,'010','Rosamorada',CONVERT(datetime,'01/01/2022',103),NULL,'I'),
(296,19,'010','El Carmen',CONVERT(datetime,'01/01/2022',103),NULL,'I'),
(297,20,'010','El Barrio de la Soledad',CONVERT(datetime,'01/01/2022',103),NULL,'I'),
(298,21,'010','Ajalpan',CONVERT(datetime,'01/01/2022',103),NULL,'I'),
(299,22,'010','Landa de Matamoros',CONVERT(datetime,'01/01/2022',103),NULL,'I'),
(300,23,'010','Bacalar',CONVERT(datetime,'01/01/2022',103),NULL,'I'),
(301,25,'010','El Fuerte',CONVERT(datetime,'01/01/2022',103),NULL,'I'),
(302,24,'010','Ciudad del Maíz',CONVERT(datetime,'01/01/2022',103),NULL,'I'),
(303,26,'010','Bacerac',CONVERT(datetime,'01/01/2022',103),NULL,'I'),
(304,27,'010','Jalpa de Méndez',CONVERT(datetime,'01/01/2022',103),NULL,'I'),
(305,28,'010','Cruillas',CONVERT(datetime,'01/01/2022',103),NULL,'I'),
(306,29,'010','Chiautempan',CONVERT(datetime,'01/01/2022',103),NULL,'I'),
(307,30,'010','Altotonga',CONVERT(datetime,'01/01/2022',103),NULL,'I'),
(308,31,'010','Cantamayec',CONVERT(datetime,'01/01/2022',103),NULL,'I'),
(309,32,'010','Fresnillo',CONVERT(datetime,'01/01/2022',103),NULL,'I'),
(310,1,'011','San Francisco de los Romo',CONVERT(datetime,'01/01/2022',103),NULL,'I'),
(311,4,'011','Candelaria',CONVERT(datetime,'01/01/2022',103),NULL,'I'),
(312,7,'011','General Cepeda',CONVERT(datetime,'01/01/2022',103),NULL,'I'),
(313,6,'011','Camargo',CONVERT(datetime,'01/01/2022',103),NULL,'I'),
(314,5,'011','Bella Vista',CONVERT(datetime,'01/01/2022',103),NULL,'I'),
(315,9,'011','Tláhuac',CONVERT(datetime,'01/01/2022',103),NULL,'I'),
(316,10,'011','Indé',CONVERT(datetime,'01/01/2022',103),NULL,'I'),
(317,12,'011','Atoyac de Álvarez',CONVERT(datetime,'01/01/2022',103),NULL,'I'),
(318,11,'011','Cortazar',CONVERT(datetime,'01/01/2022',103),NULL,'I'),
(319,13,'011','Atlapexco',CONVERT(datetime,'01/01/2022',103),NULL,'I'),
(320,14,'011','Atengo',CONVERT(datetime,'01/01/2022',103),NULL,'I'),
(321,15,'011','Atenco',CONVERT(datetime,'01/01/2022',103),NULL,'I'),
(322,16,'011','Briseñas',CONVERT(datetime,'01/01/2022',103),NULL,'I'),
(323,17,'011','Jiutepec',CONVERT(datetime,'01/01/2022',103),NULL,'I'),
(324,18,'011','Ruíz',CONVERT(datetime,'01/01/2022',103),NULL,'I'),
(325,19,'011','Cerralvo',CONVERT(datetime,'01/01/2022',103),NULL,'I'),
(326,20,'011','Calihualá',CONVERT(datetime,'01/01/2022',103),NULL,'I'),
(327,21,'011','Albino Zertuche',CONVERT(datetime,'01/01/2022',103),NULL,'I'),
(328,22,'011','El Marqués',CONVERT(datetime,'01/01/2022',103),NULL,'I'),
(329,23,'011','Puerto Morelos',CONVERT(datetime,'01/01/2022',103),NULL,'I'),
(330,25,'011','Guasave',CONVERT(datetime,'01/01/2022',103),NULL,'I'),
(331,24,'011','Ciudad Fernández',CONVERT(datetime,'01/01/2022',103),NULL,'I'),
(332,26,'011','Bacoachi',CONVERT(datetime,'01/01/2022',103),NULL,'I'),
(333,27,'011','Jonuta',CONVERT(datetime,'01/01/2022',103),NULL,'I'),
(334,28,'011','Gómez Farías',CONVERT(datetime,'01/01/2022',103),NULL,'I'),
(335,29,'011','Muñoz de Domingo Arenas',CONVERT(datetime,'01/01/2022',103),NULL,'I'),
(336,30,'011','Alvarado',CONVERT(datetime,'01/01/2022',103),NULL,'I'),
(337,31,'011','Celestún',CONVERT(datetime,'01/01/2022',103),NULL,'I'),
(338,32,'011','Trinidad García de la Cadena',CONVERT(datetime,'01/01/2022',103),NULL,'I'),
(339,7,'012','Guerrero',CONVERT(datetime,'01/01/2022',103),NULL,'I'),
(340,6,'012','Carichí',CONVERT(datetime,'01/01/2022',103),NULL,'I'),
(341,5,'012','Berriozábal',CONVERT(datetime,'01/01/2022',103),NULL,'I'),
(342,9,'012','Tlalpan',CONVERT(datetime,'01/01/2022',103),NULL,'I'),
(343,10,'012','Lerdo',CONVERT(datetime,'01/01/2022',103),NULL,'I'),
(344,12,'012','Ayutla de los Libres',CONVERT(datetime,'01/01/2022',103),NULL,'I'),
(345,11,'012','Cuerámaro',CONVERT(datetime,'01/01/2022',103),NULL,'I'),
(346,13,'012','Atotonilco el Grande',CONVERT(datetime,'01/01/2022',103),NULL,'I'),
(347,14,'012','Atenguillo',CONVERT(datetime,'01/01/2022',103),NULL,'I'),
(348,15,'012','Atizapán',CONVERT(datetime,'01/01/2022',103),NULL,'I'),
(349,16,'012','Buenavista',CONVERT(datetime,'01/01/2022',103),NULL,'I'),
(350,17,'012','Jojutla',CONVERT(datetime,'01/01/2022',103),NULL,'I'),
(351,18,'012','San Blas',CONVERT(datetime,'01/01/2022',103),NULL,'I'),
(352,19,'012','Ciénega de Flores',CONVERT(datetime,'01/01/2022',103),NULL,'I'),
(353,20,'012','Candelaria Loxicha',CONVERT(datetime,'01/01/2022',103),NULL,'I'),
(354,21,'012','Aljojuca',CONVERT(datetime,'01/01/2022',103),NULL,'I'),
(355,22,'012','Pedro Escobedo',CONVERT(datetime,'01/01/2022',103),NULL,'I'),
(356,25,'012','Mazatlán',CONVERT(datetime,'01/01/2022',103),NULL,'I'),
(357,24,'012','Tancanhuitz',CONVERT(datetime,'01/01/2022',103),NULL,'I'),
(358,26,'012','Bácum',CONVERT(datetime,'01/01/2022',103),NULL,'I'),
(359,27,'012','Macuspana',CONVERT(datetime,'01/01/2022',103),NULL,'I'),
(360,28,'012','González',CONVERT(datetime,'01/01/2022',103),NULL,'I'),
(361,29,'012','Españita',CONVERT(datetime,'01/01/2022',103),NULL,'I'),
(362,30,'012','Amatitlán',CONVERT(datetime,'01/01/2022',103),NULL,'I'),
(363,31,'012','Cenotillo',CONVERT(datetime,'01/01/2022',103),NULL,'I'),
(364,32,'012','Genaro Codina',CONVERT(datetime,'01/01/2022',103),NULL,'I'),
(365,7,'013','Hidalgo',CONVERT(datetime,'01/01/2022',103),NULL,'I'),
(366,6,'013','Casas Grandes',CONVERT(datetime,'01/01/2022',103),NULL,'I'),
(367,5,'013','Bochil',CONVERT(datetime,'01/01/2022',103),NULL,'I'),
(368,9,'013','Xochimilco',CONVERT(datetime,'01/01/2022',103),NULL,'I'),
(369,10,'013','Mapimí',CONVERT(datetime,'01/01/2022',103),NULL,'I'),
(370,12,'013','Azoyú',CONVERT(datetime,'01/01/2022',103),NULL,'I'),
(371,11,'013','Doctor Mora',CONVERT(datetime,'01/01/2022',103),NULL,'I'),
(372,13,'013','Atotonilco de Tula',CONVERT(datetime,'01/01/2022',103),NULL,'I'),
(373,14,'013','Atotonilco el Alto',CONVERT(datetime,'01/01/2022',103),NULL,'I'),
(374,15,'013','Atizapán de Zaragoza',CONVERT(datetime,'01/01/2022',103),NULL,'I'),
(375,16,'013','Carácuaro',CONVERT(datetime,'01/01/2022',103),NULL,'I'),
(376,17,'013','Jonacatepec',CONVERT(datetime,'01/01/2022',103),NULL,'I'),
(377,18,'013','San Pedro Lagunillas',CONVERT(datetime,'01/01/2022',103),NULL,'I'),
(378,19,'013','China',CONVERT(datetime,'01/01/2022',103),NULL,'I'),
(379,20,'013','Ciénega de Zimatlán',CONVERT(datetime,'01/01/2022',103),NULL,'I'),
(380,21,'013','Altepexi',CONVERT(datetime,'01/01/2022',103),NULL,'I'),
(381,22,'013','Peñamiller',CONVERT(datetime,'01/01/2022',103),NULL,'I'),
(382,25,'013','Mocorito',CONVERT(datetime,'01/01/2022',103),NULL,'I'),
(383,24,'013','Ciudad Valles',CONVERT(datetime,'01/01/2022',103),NULL,'I'),
(384,26,'013','Banámichi',CONVERT(datetime,'01/01/2022',103),NULL,'I'),
(385,27,'013','Nacajuca',CONVERT(datetime,'01/01/2022',103),NULL,'I'),
(386,28,'013','Güémez',CONVERT(datetime,'01/01/2022',103),NULL,'I'),
(387,29,'013','Huamantla',CONVERT(datetime,'01/01/2022',103),NULL,'I'),
(388,30,'013','Naranjos Amatlán',CONVERT(datetime,'01/01/2022',103),NULL,'I'),
(389,31,'013','Conkal',CONVERT(datetime,'01/01/2022',103),NULL,'I'),
(390,32,'013','General Enrique Estrada',CONVERT(datetime,'01/01/2022',103),NULL,'I'),
(391,7,'014','Jiménez',CONVERT(datetime,'01/01/2022',103),NULL,'I'),
(392,6,'014','Coronado',CONVERT(datetime,'01/01/2022',103),NULL,'I'),
(393,5,'014','El Bosque',CONVERT(datetime,'01/01/2022',103),NULL,'I'),
(394,9,'014','Benito Juárez',CONVERT(datetime,'01/01/2022',103),NULL,'I'),
(395,10,'014','Mezquital',CONVERT(datetime,'01/01/2022',103),NULL,'I'),
(396,12,'014','Benito Juárez',CONVERT(datetime,'01/01/2022',103),NULL,'I'),
(397,11,'014','Dolores Hidalgo Cuna de la Independencia Nacional',CONVERT(datetime,'01/01/2022',103),NULL,'I'),
(398,13,'014','Calnali',CONVERT(datetime,'01/01/2022',103),NULL,'I'),
(399,14,'014','Atoyac',CONVERT(datetime,'01/01/2022',103),NULL,'I'),
(400,15,'014','Atlacomulco',CONVERT(datetime,'01/01/2022',103),NULL,'I'),
(401,16,'014','Coahuayana',CONVERT(datetime,'01/01/2022',103),NULL,'I'),
(402,17,'014','Mazatepec',CONVERT(datetime,'01/01/2022',103),NULL,'I'),
(403,18,'014','Santa María del Oro',CONVERT(datetime,'01/01/2022',103),NULL,'I'),
(404,19,'014','Doctor Arroyo',CONVERT(datetime,'01/01/2022',103),NULL,'I'),
(405,20,'014','Ciudad Ixtepec',CONVERT(datetime,'01/01/2022',103),NULL,'I'),
(406,21,'014','Amixtlán',CONVERT(datetime,'01/01/2022',103),NULL,'I'),
(407,22,'014','Querétaro',CONVERT(datetime,'01/01/2022',103),NULL,'I'),
(408,25,'014','Rosario',CONVERT(datetime,'01/01/2022',103),NULL,'I'),
(409,24,'014','Coxcatlán',CONVERT(datetime,'01/01/2022',103),NULL,'I'),
(410,26,'014','Baviácora',CONVERT(datetime,'01/01/2022',103),NULL,'I'),
(411,27,'014','Paraíso',CONVERT(datetime,'01/01/2022',103),NULL,'I'),
(412,28,'014','Guerrero',CONVERT(datetime,'01/01/2022',103),NULL,'I'),
(413,29,'014','Hueyotlipan',CONVERT(datetime,'01/01/2022',103),NULL,'I'),
(414,30,'014','Amatlán de los Reyes',CONVERT(datetime,'01/01/2022',103),NULL,'I'),
(415,31,'014','Cuncunul',CONVERT(datetime,'01/01/2022',103),NULL,'I'),
(416,32,'014','General Francisco R. Murguía',CONVERT(datetime,'01/01/2022',103),NULL,'I'),
(417,7,'015','Juárez',CONVERT(datetime,'01/01/2022',103),NULL,'I'),
(418,6,'015','Coyame del Sotol',CONVERT(datetime,'01/01/2022',103),NULL,'I'),
(419,5,'015','Cacahoatán',CONVERT(datetime,'01/01/2022',103),NULL,'I'),
(420,9,'015','Cuauhtémoc',CONVERT(datetime,'01/01/2022',103),NULL,'I'),
(421,10,'015','Nazas',CONVERT(datetime,'01/01/2022',103),NULL,'I'),
(422,12,'015','Buenavista de Cuéllar',CONVERT(datetime,'01/01/2022',103),NULL,'I'),
(423,11,'015','Guanajuato',CONVERT(datetime,'01/01/2022',103),NULL,'I'),
(424,13,'015','Cardonal',CONVERT(datetime,'01/01/2022',103),NULL,'I'),
(425,14,'015','Autlán de Navarro',CONVERT(datetime,'01/01/2022',103),NULL,'I'),
(426,15,'015','Atlautla',CONVERT(datetime,'01/01/2022',103),NULL,'I'),
(427,16,'015','Coalcomán de Vázquez Pallares',CONVERT(datetime,'01/01/2022',103),NULL,'I'),
(428,17,'015','Miacatlán',CONVERT(datetime,'01/01/2022',103),NULL,'I'),
(429,18,'015','Santiago Ixcuintla',CONVERT(datetime,'01/01/2022',103),NULL,'I'),
(430,19,'015','Doctor Coss',CONVERT(datetime,'01/01/2022',103),NULL,'I'),
(431,20,'015','Coatecas Altas',CONVERT(datetime,'01/01/2022',103),NULL,'I'),
(432,21,'015','Amozoc',CONVERT(datetime,'01/01/2022',103),NULL,'I'),
(433,22,'015','San Joaquín',CONVERT(datetime,'01/01/2022',103),NULL,'I'),
(434,25,'015','Salvador Alvarado',CONVERT(datetime,'01/01/2022',103),NULL,'I'),
(435,24,'015','Charcas',CONVERT(datetime,'01/01/2022',103),NULL,'I'),
(436,26,'015','Bavispe',CONVERT(datetime,'01/01/2022',103),NULL,'I'),
(437,27,'015','Tacotalpa',CONVERT(datetime,'01/01/2022',103),NULL,'I'),
(438,28,'015','Gustavo Díaz Ordaz',CONVERT(datetime,'01/01/2022',103),NULL,'I'),
(439,29,'015','Ixtacuixtla de Mariano Matamoros',CONVERT(datetime,'01/01/2022',103),NULL,'I'),
(440,30,'015','Angel R. Cabada',CONVERT(datetime,'01/01/2022',103),NULL,'I'),
(441,31,'015','Cuzamá',CONVERT(datetime,'01/01/2022',103),NULL,'I'),
(442,32,'015','El Plateado de Joaquín Amaro',CONVERT(datetime,'01/01/2022',103),NULL,'I'),
(443,7,'016','Lamadrid',CONVERT(datetime,'01/01/2022',103),NULL,'I'),
(444,6,'016','La Cruz',CONVERT(datetime,'01/01/2022',103),NULL,'I'),
(445,5,'016','Catazajá',CONVERT(datetime,'01/01/2022',103),NULL,'I'),
(446,9,'016','Miguel Hidalgo',CONVERT(datetime,'01/01/2022',103),NULL,'I'),
(447,10,'016','Nombre de Dios',CONVERT(datetime,'01/01/2022',103),NULL,'I'),
(448,12,'016','Coahuayutla de José María Izazaga',CONVERT(datetime,'01/01/2022',103),NULL,'I'),
(449,11,'016','Huanímaro',CONVERT(datetime,'01/01/2022',103),NULL,'I'),
(450,13,'016','Cuautepec de Hinojosa',CONVERT(datetime,'01/01/2022',103),NULL,'I'),
(451,14,'016','Ayotlán',CONVERT(datetime,'01/01/2022',103),NULL,'I'),
(452,15,'016','Axapusco',CONVERT(datetime,'01/01/2022',103),NULL,'I'),
(453,16,'016','Coeneo',CONVERT(datetime,'01/01/2022',103),NULL,'I'),
(454,17,'016','Ocuituco',CONVERT(datetime,'01/01/2022',103),NULL,'I'),
(455,18,'016','Tecuala',CONVERT(datetime,'01/01/2022',103),NULL,'I'),
(456,19,'016','Doctor González',CONVERT(datetime,'01/01/2022',103),NULL,'I'),
(457,20,'016','Coicoyán de las Flores',CONVERT(datetime,'01/01/2022',103),NULL,'I'),
(458,21,'016','Aquixtla',CONVERT(datetime,'01/01/2022',103),NULL,'I'),
(459,22,'016','San Juan del Río',CONVERT(datetime,'01/01/2022',103),NULL,'I'),
(460,25,'016','San Ignacio',CONVERT(datetime,'01/01/2022',103),NULL,'I'),
(461,24,'016','Ebano',CONVERT(datetime,'01/01/2022',103),NULL,'I'),
(462,26,'016','Benjamín Hill',CONVERT(datetime,'01/01/2022',103),NULL,'I'),
(463,27,'016','Teapa',CONVERT(datetime,'01/01/2022',103),NULL,'I'),
(464,28,'016','Hidalgo',CONVERT(datetime,'01/01/2022',103),NULL,'I'),
(465,29,'016','Ixtenco',CONVERT(datetime,'01/01/2022',103),NULL,'I'),
(466,30,'016','La Antigua',CONVERT(datetime,'01/01/2022',103),NULL,'I'),
(467,31,'016','Chacsinkín',CONVERT(datetime,'01/01/2022',103),NULL,'I'),
(468,32,'016','General Pánfilo Natera',CONVERT(datetime,'01/01/2022',103),NULL,'I'),
(469,7,'017','Matamoros',CONVERT(datetime,'01/01/2022',103),NULL,'I'),
(470,6,'017','Cuauhtémoc',CONVERT(datetime,'01/01/2022',103),NULL,'I'),
(471,5,'017','Cintalapa',CONVERT(datetime,'01/01/2022',103),NULL,'I'),
(472,9,'017','Venustiano Carranza',CONVERT(datetime,'01/01/2022',103),NULL,'I'),
(473,10,'017','Ocampo',CONVERT(datetime,'01/01/2022',103),NULL,'I'),
(474,12,'017','Cocula',CONVERT(datetime,'01/01/2022',103),NULL,'I'),
(475,11,'017','Irapuato',CONVERT(datetime,'01/01/2022',103),NULL,'I'),
(476,13,'017','Chapantongo',CONVERT(datetime,'01/01/2022',103),NULL,'I'),
(477,14,'017','Ayutla',CONVERT(datetime,'01/01/2022',103),NULL,'I'),
(478,15,'017','Ayapango',CONVERT(datetime,'01/01/2022',103),NULL,'I'),
(479,16,'017','Contepec',CONVERT(datetime,'01/01/2022',103),NULL,'I'),
(480,17,'017','Puente de Ixtla',CONVERT(datetime,'01/01/2022',103),NULL,'I'),
(481,18,'017','Tepic',CONVERT(datetime,'01/01/2022',103),NULL,'I'),
(482,19,'017','Galeana',CONVERT(datetime,'01/01/2022',103),NULL,'I'),
(483,20,'017','La Compañía',CONVERT(datetime,'01/01/2022',103),NULL,'I'),
(484,21,'017','Atempan',CONVERT(datetime,'01/01/2022',103),NULL,'I'),
(485,22,'017','Tequisquiapan',CONVERT(datetime,'01/01/2022',103),NULL,'I'),
(486,25,'017','Sinaloa',CONVERT(datetime,'01/01/2022',103),NULL,'I'),
(487,24,'017','Guadalcázar',CONVERT(datetime,'01/01/2022',103),NULL,'I'),
(488,26,'017','Caborca',CONVERT(datetime,'01/01/2022',103),NULL,'I'),
(489,27,'017','Tenosique',CONVERT(datetime,'01/01/2022',103),NULL,'I'),
(490,28,'017','Jaumave',CONVERT(datetime,'01/01/2022',103),NULL,'I'),
(491,29,'017','Mazatecochco de José María Morelos',CONVERT(datetime,'01/01/2022',103),NULL,'I'),
(492,30,'017','Apazapan',CONVERT(datetime,'01/01/2022',103),NULL,'I'),
(493,31,'017','Chankom',CONVERT(datetime,'01/01/2022',103),NULL,'I'),
(494,32,'017','Guadalupe',CONVERT(datetime,'01/01/2022',103),NULL,'I'),
(495,7,'018','Monclova',CONVERT(datetime,'01/01/2022',103),NULL,'I'),
(496,6,'018','Cusihuiriachi',CONVERT(datetime,'01/01/2022',103),NULL,'I'),
(497,5,'018','Coapilla',CONVERT(datetime,'01/01/2022',103),NULL,'I'),
(498,10,'018','El Oro',CONVERT(datetime,'01/01/2022',103),NULL,'I'),
(499,12,'018','Copala',CONVERT(datetime,'01/01/2022',103),NULL,'I'),
(500,11,'018','Jaral del Progreso',CONVERT(datetime,'01/01/2022',103),NULL,'I'),
(501,13,'018','Chapulhuacán',CONVERT(datetime,'01/01/2022',103),NULL,'I'),
(502,14,'018','La Barca',CONVERT(datetime,'01/01/2022',103),NULL,'I'),
(503,15,'018','Calimaya',CONVERT(datetime,'01/01/2022',103),NULL,'I'),
(504,16,'018','Copándaro',CONVERT(datetime,'01/01/2022',103),NULL,'I'),
(505,17,'018','Temixco',CONVERT(datetime,'01/01/2022',103),NULL,'I'),
(506,18,'018','Tuxpan',CONVERT(datetime,'01/01/2022',103),NULL,'I'),
(507,19,'018','García',CONVERT(datetime,'01/01/2022',103),NULL,'I'),
(508,20,'018','Concepción Buenavista',CONVERT(datetime,'01/01/2022',103),NULL,'I'),
(509,21,'018','Atexcal',CONVERT(datetime,'01/01/2022',103),NULL,'I'),
(510,22,'018','Tolimán',CONVERT(datetime,'01/01/2022',103),NULL,'I'),
(511,25,'018','Navolato',CONVERT(datetime,'01/01/2022',103),NULL,'I'),
(512,24,'018','Huehuetlán',CONVERT(datetime,'01/01/2022',103),NULL,'I'),
(513,26,'018','Cajeme',CONVERT(datetime,'01/01/2022',103),NULL,'I'),
(514,28,'018','Jiménez',CONVERT(datetime,'01/01/2022',103),NULL,'I'),
(515,29,'018','Contla de Juan Cuamatzi',CONVERT(datetime,'01/01/2022',103),NULL,'I'),
(516,30,'018','Aquila',CONVERT(datetime,'01/01/2022',103),NULL,'I'),
(517,31,'018','Chapab',CONVERT(datetime,'01/01/2022',103),NULL,'I'),
(518,32,'018','Huanusco',CONVERT(datetime,'01/01/2022',103),NULL,'I'),
(519,7,'019','Morelos',CONVERT(datetime,'01/01/2022',103),NULL,'I'),
(520,6,'019','Chihuahua',CONVERT(datetime,'01/01/2022',103),NULL,'I'),
(521,5,'019','Comitán de Domínguez',CONVERT(datetime,'01/01/2022',103),NULL,'I'),
(522,10,'019','Otáez',CONVERT(datetime,'01/01/2022',103),NULL,'I'),
(523,12,'019','Copalillo',CONVERT(datetime,'01/01/2022',103),NULL,'I'),
(524,11,'019','Jerécuaro',CONVERT(datetime,'01/01/2022',103),NULL,'I'),
(525,13,'019','Chilcuautla',CONVERT(datetime,'01/01/2022',103),NULL,'I'),
(526,14,'019','Bolaños',CONVERT(datetime,'01/01/2022',103),NULL,'I'),
(527,15,'019','Capulhuac',CONVERT(datetime,'01/01/2022',103),NULL,'I'),
(528,16,'019','Cotija',CONVERT(datetime,'01/01/2022',103),NULL,'I'),
(529,17,'019','Tepalcingo',CONVERT(datetime,'01/01/2022',103),NULL,'I'),
(530,18,'019','La Yesca',CONVERT(datetime,'01/01/2022',103),NULL,'I'),
(531,19,'019','San Pedro Garza García',CONVERT(datetime,'01/01/2022',103),NULL,'I'),
(532,20,'019','Concepción Pápalo',CONVERT(datetime,'01/01/2022',103),NULL,'I'),
(533,21,'019','Atlixco',CONVERT(datetime,'01/01/2022',103),NULL,'I'),
(534,24,'019','Lagunillas',CONVERT(datetime,'01/01/2022',103),NULL,'I'),
(535,26,'019','Cananea',CONVERT(datetime,'01/01/2022',103),NULL,'I'),
(536,28,'019','Llera',CONVERT(datetime,'01/01/2022',103),NULL,'I'),
(537,29,'019','Tepetitla de Lardizábal',CONVERT(datetime,'01/01/2022',103),NULL,'I'),
(538,30,'019','Astacinga',CONVERT(datetime,'01/01/2022',103),NULL,'I'),
(539,31,'019','Chemax',CONVERT(datetime,'01/01/2022',103),NULL,'I'),
(540,32,'019','Jalpa',CONVERT(datetime,'01/01/2022',103),NULL,'I'),
(541,7,'020','Múzquiz',CONVERT(datetime,'01/01/2022',103),NULL,'I'),
(542,6,'020','Chínipas',CONVERT(datetime,'01/01/2022',103),NULL,'I'),
(543,5,'020','La Concordia',CONVERT(datetime,'01/01/2022',103),NULL,'I'),
(544,10,'020','Pánuco de Coronado',CONVERT(datetime,'01/01/2022',103),NULL,'I'),
(545,12,'020','Copanatoyac',CONVERT(datetime,'01/01/2022',103),NULL,'I'),
(546,11,'020','León',CONVERT(datetime,'01/01/2022',103),NULL,'I'),
(547,13,'020','Eloxochitlán',CONVERT(datetime,'01/01/2022',103),NULL,'I'),
(548,14,'020','Cabo Corrientes',CONVERT(datetime,'01/01/2022',103),NULL,'I'),
(549,15,'020','Coacalco de Berriozábal',CONVERT(datetime,'01/01/2022',103),NULL,'I'),
(550,16,'020','Cuitzeo',CONVERT(datetime,'01/01/2022',103),NULL,'I'),
(551,17,'020','Tepoztlán',CONVERT(datetime,'01/01/2022',103),NULL,'I'),
(552,18,'020','Bahía de Banderas',CONVERT(datetime,'01/01/2022',103),NULL,'I'),
(553,19,'020','General Bravo',CONVERT(datetime,'01/01/2022',103),NULL,'I'),
(554,20,'020','Constancia del Rosario',CONVERT(datetime,'01/01/2022',103),NULL,'I'),
(555,21,'020','Atoyatempan',CONVERT(datetime,'01/01/2022',103),NULL,'I'),
(556,24,'020','Matehuala',CONVERT(datetime,'01/01/2022',103),NULL,'I'),
(557,26,'020','Carbó',CONVERT(datetime,'01/01/2022',103),NULL,'I'),
(558,28,'020','Mainero',CONVERT(datetime,'01/01/2022',103),NULL,'I'),
(559,29,'020','Sanctórum de Lázaro Cárdenas',CONVERT(datetime,'01/01/2022',103),NULL,'I'),
(560,30,'020','Atlahuilco',CONVERT(datetime,'01/01/2022',103),NULL,'I'),
(561,31,'020','Chicxulub Pueblo',CONVERT(datetime,'01/01/2022',103),NULL,'I'),
(562,32,'020','Jerez',CONVERT(datetime,'01/01/2022',103),NULL,'I'),
(563,7,'021','Nadadores',CONVERT(datetime,'01/01/2022',103),NULL,'I'),
(564,6,'021','Delicias',CONVERT(datetime,'01/01/2022',103),NULL,'I'),
(565,5,'021','Copainalá',CONVERT(datetime,'01/01/2022',103),NULL,'I'),
(566,10,'021','Peñón Blanco',CONVERT(datetime,'01/01/2022',103),NULL,'I'),
(567,12,'021','Coyuca de Benítez',CONVERT(datetime,'01/01/2022',103),NULL,'I'),
(568,11,'021','Moroleón',CONVERT(datetime,'01/01/2022',103),NULL,'I'),
(569,13,'021','Emiliano Zapata',CONVERT(datetime,'01/01/2022',103),NULL,'I'),
(570,14,'021','Casimiro Castillo',CONVERT(datetime,'01/01/2022',103),NULL,'I'),
(571,15,'021','Coatepec Harinas',CONVERT(datetime,'01/01/2022',103),NULL,'I'),
(572,16,'021','Charapan',CONVERT(datetime,'01/01/2022',103),NULL,'I'),
(573,17,'021','Tetecala',CONVERT(datetime,'01/01/2022',103),NULL,'I'),
(574,19,'021','General Escobedo',CONVERT(datetime,'01/01/2022',103),NULL,'I'),
(575,20,'021','Cosolapa',CONVERT(datetime,'01/01/2022',103),NULL,'I'),
(576,21,'021','Atzala',CONVERT(datetime,'01/01/2022',103),NULL,'I'),
(577,24,'021','Mexquitic de Carmona',CONVERT(datetime,'01/01/2022',103),NULL,'I'),
(578,26,'021','La Colorada',CONVERT(datetime,'01/01/2022',103),NULL,'I'),
(579,28,'021','El Mante',CONVERT(datetime,'01/01/2022',103),NULL,'I'),
(580,29,'021','Nanacamilpa de Mariano Arista',CONVERT(datetime,'01/01/2022',103),NULL,'I'),
(581,30,'021','Atoyac',CONVERT(datetime,'01/01/2022',103),NULL,'I'),
(582,31,'021','Chichimilá',CONVERT(datetime,'01/01/2022',103),NULL,'I'),
(583,32,'021','Jiménez del Teul',CONVERT(datetime,'01/01/2022',103),NULL,'I'),
(584,7,'022','Nava',CONVERT(datetime,'01/01/2022',103),NULL,'I'),
(585,6,'022','Dr. Belisario Domínguez',CONVERT(datetime,'01/01/2022',103),NULL,'I'),
(586,5,'022','Chalchihuitán',CONVERT(datetime,'01/01/2022',103),NULL,'I'),
(587,10,'022','Poanas',CONVERT(datetime,'01/01/2022',103),NULL,'I'),
(588,12,'022','Coyuca de Catalán',CONVERT(datetime,'01/01/2022',103),NULL,'I'),
(589,11,'022','Ocampo',CONVERT(datetime,'01/01/2022',103),NULL,'I'),
(590,13,'022','Epazoyucan',CONVERT(datetime,'01/01/2022',103),NULL,'I'),
(591,14,'022','Cihuatlán',CONVERT(datetime,'01/01/2022',103),NULL,'I'),
(592,15,'022','Cocotitlán',CONVERT(datetime,'01/01/2022',103),NULL,'I'),
(593,16,'022','Charo',CONVERT(datetime,'01/01/2022',103),NULL,'I'),
(594,17,'022','Tetela del Volcán',CONVERT(datetime,'01/01/2022',103),NULL,'I'),
(595,19,'022','General Terán',CONVERT(datetime,'01/01/2022',103),NULL,'I'),
(596,20,'022','Cosoltepec',CONVERT(datetime,'01/01/2022',103),NULL,'I'),
(597,21,'022','Atzitzihuacán',CONVERT(datetime,'01/01/2022',103),NULL,'I'),
(598,24,'022','Moctezuma',CONVERT(datetime,'01/01/2022',103),NULL,'I'),
(599,26,'022','Cucurpe',CONVERT(datetime,'01/01/2022',103),NULL,'I'),
(600,28,'022','Matamoros',CONVERT(datetime,'01/01/2022',103),NULL,'I'),
(601,29,'022','Acuamanala de Miguel Hidalgo',CONVERT(datetime,'01/01/2022',103),NULL,'I'),
(602,30,'022','Atzacan',CONVERT(datetime,'01/01/2022',103),NULL,'I'),
(603,31,'022','Chikindzonot',CONVERT(datetime,'01/01/2022',103),NULL,'I'),
(604,32,'022','Juan Aldama',CONVERT(datetime,'01/01/2022',103),NULL,'I'),
(605,7,'023','Ocampo',CONVERT(datetime,'01/01/2022',103),NULL,'I'),
(606,6,'023','Galeana',CONVERT(datetime,'01/01/2022',103),NULL,'I'),
(607,5,'023','Chamula',CONVERT(datetime,'01/01/2022',103),NULL,'I'),
(608,10,'023','Pueblo Nuevo',CONVERT(datetime,'01/01/2022',103),NULL,'I'),
(609,12,'023','Cuajinicuilapa',CONVERT(datetime,'01/01/2022',103),NULL,'I'),
(610,11,'023','Pénjamo',CONVERT(datetime,'01/01/2022',103),NULL,'I'),
(611,13,'023','Francisco I. Madero',CONVERT(datetime,'01/01/2022',103),NULL,'I'),
(612,14,'023','Zapotlán el Grande',CONVERT(datetime,'01/01/2022',103),NULL,'I'),
(613,15,'023','Coyotepec',CONVERT(datetime,'01/01/2022',103),NULL,'I'),
(614,16,'023','Chavinda',CONVERT(datetime,'01/01/2022',103),NULL,'I'),
(615,17,'023','Tlalnepantla',CONVERT(datetime,'01/01/2022',103),NULL,'I'),
(616,19,'023','General Treviño',CONVERT(datetime,'01/01/2022',103),NULL,'I'),
(617,20,'023','Cuilápam de Guerrero',CONVERT(datetime,'01/01/2022',103),NULL,'I'),
(618,21,'023','Atzitzintla',CONVERT(datetime,'01/01/2022',103),NULL,'I'),
(619,24,'023','Rayón',CONVERT(datetime,'01/01/2022',103),NULL,'I'),
(620,26,'023','Cumpas',CONVERT(datetime,'01/01/2022',103),NULL,'I'),
(621,28,'023','Méndez',CONVERT(datetime,'01/01/2022',103),NULL,'I'),
(622,29,'023','Natívitas',CONVERT(datetime,'01/01/2022',103),NULL,'I'),
(623,30,'023','Atzalan',CONVERT(datetime,'01/01/2022',103),NULL,'I'),
(624,31,'023','Chocholá',CONVERT(datetime,'01/01/2022',103),NULL,'I'),
(625,32,'023','Juchipila',CONVERT(datetime,'01/01/2022',103),NULL,'I'),
(626,7,'024','Parras',CONVERT(datetime,'01/01/2022',103),NULL,'I'),
(627,6,'024','Santa Isabel',CONVERT(datetime,'01/01/2022',103),NULL,'I'),
(628,5,'024','Chanal',CONVERT(datetime,'01/01/2022',103),NULL,'I'),
(629,10,'024','Rodeo',CONVERT(datetime,'01/01/2022',103),NULL,'I'),
(630,12,'024','Cualác',CONVERT(datetime,'01/01/2022',103),NULL,'I'),
(631,11,'024','Pueblo Nuevo',CONVERT(datetime,'01/01/2022',103),NULL,'I'),
(632,13,'024','Huasca de Ocampo',CONVERT(datetime,'01/01/2022',103),NULL,'I'),
(633,14,'024','Cocula',CONVERT(datetime,'01/01/2022',103),NULL,'I'),
(634,15,'024','Cuautitlán',CONVERT(datetime,'01/01/2022',103),NULL,'I'),
(635,16,'024','Cherán',CONVERT(datetime,'01/01/2022',103),NULL,'I'),
(636,17,'024','Tlaltizapán de Zapata',CONVERT(datetime,'01/01/2022',103),NULL,'I'),
(637,19,'024','General Zaragoza',CONVERT(datetime,'01/01/2022',103),NULL,'I'),
(638,20,'024','Cuyamecalco Villa de Zaragoza',CONVERT(datetime,'01/01/2022',103),NULL,'I'),
(639,21,'024','Axutla',CONVERT(datetime,'01/01/2022',103),NULL,'I'),
(640,24,'024','Rioverde',CONVERT(datetime,'01/01/2022',103),NULL,'I'),
(641,26,'024','Divisaderos',CONVERT(datetime,'01/01/2022',103),NULL,'I'),
(642,28,'024','Mier',CONVERT(datetime,'01/01/2022',103),NULL,'I'),
(643,29,'024','Panotla',CONVERT(datetime,'01/01/2022',103),NULL,'I'),
(644,30,'024','Tlaltetela',CONVERT(datetime,'01/01/2022',103),NULL,'I'),
(645,31,'024','Chumayel',CONVERT(datetime,'01/01/2022',103),NULL,'I'),
(646,32,'024','Loreto',CONVERT(datetime,'01/01/2022',103),NULL,'I'),
(647,7,'025','Piedras Negras',CONVERT(datetime,'01/01/2022',103),NULL,'I'),
(648,6,'025','Gómez Farías',CONVERT(datetime,'01/01/2022',103),NULL,'I'),
(649,5,'025','Chapultenango',CONVERT(datetime,'01/01/2022',103),NULL,'I'),
(650,10,'025','San Bernardo',CONVERT(datetime,'01/01/2022',103),NULL,'I'),
(651,12,'025','Cuautepec',CONVERT(datetime,'01/01/2022',103),NULL,'I'),
(652,11,'025','Purísima del Rincón',CONVERT(datetime,'01/01/2022',103),NULL,'I'),
(653,13,'025','Huautla',CONVERT(datetime,'01/01/2022',103),NULL,'I'),
(654,14,'025','Colotlán',CONVERT(datetime,'01/01/2022',103),NULL,'I'),
(655,15,'025','Chalco',CONVERT(datetime,'01/01/2022',103),NULL,'I'),
(656,16,'025','Chilchota',CONVERT(datetime,'01/01/2022',103),NULL,'I'),
(657,17,'025','Tlaquiltenango',CONVERT(datetime,'01/01/2022',103),NULL,'I'),
(658,19,'025','General Zuazua',CONVERT(datetime,'01/01/2022',103),NULL,'I'),
(659,20,'025','Chahuites',CONVERT(datetime,'01/01/2022',103),NULL,'I'),
(660,21,'025','Ayotoxco de Guerrero',CONVERT(datetime,'01/01/2022',103),NULL,'I'),
(661,24,'025','Salinas',CONVERT(datetime,'01/01/2022',103),NULL,'I'),
(662,26,'025','Empalme',CONVERT(datetime,'01/01/2022',103),NULL,'I'),
(663,28,'025','Miguel Alemán',CONVERT(datetime,'01/01/2022',103),NULL,'I'),
(664,29,'025','San Pablo del Monte',CONVERT(datetime,'01/01/2022',103),NULL,'I'),
(665,30,'025','Ayahualulco',CONVERT(datetime,'01/01/2022',103),NULL,'I'),
(666,31,'025','Dzán',CONVERT(datetime,'01/01/2022',103),NULL,'I'),
(667,32,'025','Luis Moya',CONVERT(datetime,'01/01/2022',103),NULL,'I'),
(668,7,'026','Progreso',CONVERT(datetime,'01/01/2022',103),NULL,'I'),
(669,6,'026','Gran Morelos',CONVERT(datetime,'01/01/2022',103),NULL,'I'),
(670,5,'026','Chenalhó',CONVERT(datetime,'01/01/2022',103),NULL,'I'),
(671,10,'026','San Dimas',CONVERT(datetime,'01/01/2022',103),NULL,'I'),
(672,12,'026','Cuetzala del Progreso',CONVERT(datetime,'01/01/2022',103),NULL,'I'),
(673,11,'026','Romita',CONVERT(datetime,'01/01/2022',103),NULL,'I'),
(674,13,'026','Huazalingo',CONVERT(datetime,'01/01/2022',103),NULL,'I'),
(675,14,'026','Concepción de Buenos Aires',CONVERT(datetime,'01/01/2022',103),NULL,'I'),
(676,15,'026','Chapa de Mota',CONVERT(datetime,'01/01/2022',103),NULL,'I'),
(677,16,'026','Chinicuila',CONVERT(datetime,'01/01/2022',103),NULL,'I'),
(678,17,'026','Tlayacapan',CONVERT(datetime,'01/01/2022',103),NULL,'I'),
(679,19,'026','Guadalupe',CONVERT(datetime,'01/01/2022',103),NULL,'I'),
(680,20,'026','Chalcatongo de Hidalgo',CONVERT(datetime,'01/01/2022',103),NULL,'I'),
(681,21,'026','Calpan',CONVERT(datetime,'01/01/2022',103),NULL,'I'),
(682,24,'026','San Antonio',CONVERT(datetime,'01/01/2022',103),NULL,'I'),
(683,26,'026','Etchojoa',CONVERT(datetime,'01/01/2022',103),NULL,'I'),
(684,28,'026','Miquihuana',CONVERT(datetime,'01/01/2022',103),NULL,'I'),
(685,29,'026','Santa Cruz Tlaxcala',CONVERT(datetime,'01/01/2022',103),NULL,'I'),
(686,30,'026','Banderilla',CONVERT(datetime,'01/01/2022',103),NULL,'I'),
(687,31,'026','Dzemul',CONVERT(datetime,'01/01/2022',103),NULL,'I'),
(688,32,'026','Mazapil',CONVERT(datetime,'01/01/2022',103),NULL,'I'),
(689,7,'027','Ramos Arizpe',CONVERT(datetime,'01/01/2022',103),NULL,'I'),
(690,6,'027','Guachochi',CONVERT(datetime,'01/01/2022',103),NULL,'I'),
(691,5,'027','Chiapa de Corzo',CONVERT(datetime,'01/01/2022',103),NULL,'I'),
(692,10,'027','San Juan de Guadalupe',CONVERT(datetime,'01/01/2022',103),NULL,'I'),
(693,12,'027','Cutzamala de Pinzón',CONVERT(datetime,'01/01/2022',103),NULL,'I'),
(694,11,'027','Salamanca',CONVERT(datetime,'01/01/2022',103),NULL,'I'),
(695,13,'027','Huehuetla',CONVERT(datetime,'01/01/2022',103),NULL,'I'),
(696,14,'027','Cuautitlán de García Barragán',CONVERT(datetime,'01/01/2022',103),NULL,'I'),
(697,15,'027','Chapultepec',CONVERT(datetime,'01/01/2022',103),NULL,'I'),
(698,16,'027','Chucándiro',CONVERT(datetime,'01/01/2022',103),NULL,'I'),
(699,17,'027','Totolapan',CONVERT(datetime,'01/01/2022',103),NULL,'I'),
(700,19,'027','Los Herreras',CONVERT(datetime,'01/01/2022',103),NULL,'I'),
(701,20,'027','Chiquihuitlán de Benito Juárez',CONVERT(datetime,'01/01/2022',103),NULL,'I'),
(702,21,'027','Caltepec',CONVERT(datetime,'01/01/2022',103),NULL,'I'),
(703,24,'027','San Ciro de Acosta',CONVERT(datetime,'01/01/2022',103),NULL,'I'),
(704,26,'027','Fronteras',CONVERT(datetime,'01/01/2022',103),NULL,'I'),
(705,28,'027','Nuevo Laredo',CONVERT(datetime,'01/01/2022',103),NULL,'I'),
(706,29,'027','Tenancingo',CONVERT(datetime,'01/01/2022',103),NULL,'I'),
(707,30,'027','Benito Juárez',CONVERT(datetime,'01/01/2022',103),NULL,'I'),
(708,31,'027','Dzidzantún',CONVERT(datetime,'01/01/2022',103),NULL,'I'),
(709,32,'027','Melchor Ocampo',CONVERT(datetime,'01/01/2022',103),NULL,'I'),
(710,7,'028','Sabinas',CONVERT(datetime,'01/01/2022',103),NULL,'I'),
(711,6,'028','Guadalupe',CONVERT(datetime,'01/01/2022',103),NULL,'I'),
(712,5,'028','Chiapilla',CONVERT(datetime,'01/01/2022',103),NULL,'I'),
(713,10,'028','San Juan del Río',CONVERT(datetime,'01/01/2022',103),NULL,'I'),
(714,12,'028','Chilapa de Álvarez',CONVERT(datetime,'01/01/2022',103),NULL,'I'),
(715,11,'028','Salvatierra',CONVERT(datetime,'01/01/2022',103),NULL,'I'),
(716,13,'028','Huejutla de Reyes',CONVERT(datetime,'01/01/2022',103),NULL,'I'),
(717,14,'028','Cuautla',CONVERT(datetime,'01/01/2022',103),NULL,'I'),
(718,15,'028','Chiautla',CONVERT(datetime,'01/01/2022',103),NULL,'I'),
(719,16,'028','Churintzio',CONVERT(datetime,'01/01/2022',103),NULL,'I'),
(720,17,'028','Xochitepec',CONVERT(datetime,'01/01/2022',103),NULL,'I'),
(721,19,'028','Higueras',CONVERT(datetime,'01/01/2022',103),NULL,'I'),
(722,20,'028','Heroica Ciudad de Ejutla de Crespo',CONVERT(datetime,'01/01/2022',103),NULL,'I'),
(723,21,'028','Camocuautla',CONVERT(datetime,'01/01/2022',103),NULL,'I'),
(724,24,'028','San Luis Potosí',CONVERT(datetime,'01/01/2022',103),NULL,'I'),
(725,26,'028','Granados',CONVERT(datetime,'01/01/2022',103),NULL,'I'),
(726,28,'028','Nuevo Morelos',CONVERT(datetime,'01/01/2022',103),NULL,'I'),
(727,29,'028','Teolocholco',CONVERT(datetime,'01/01/2022',103),NULL,'I'),
(728,30,'028','Boca del Río',CONVERT(datetime,'01/01/2022',103),NULL,'I'),
(729,31,'028','Dzilam de Bravo',CONVERT(datetime,'01/01/2022',103),NULL,'I'),
(730,32,'028','Mezquital del Oro',CONVERT(datetime,'01/01/2022',103),NULL,'I'),
(731,7,'029','Sacramento',CONVERT(datetime,'01/01/2022',103),NULL,'I'),
(732,6,'029','Guadalupe y Calvo',CONVERT(datetime,'01/01/2022',103),NULL,'I'),
(733,5,'029','Chicoasén',CONVERT(datetime,'01/01/2022',103),NULL,'I'),
(734,10,'029','San Luis del Cordero',CONVERT(datetime,'01/01/2022',103),NULL,'I'),
(735,12,'029','Chilpancingo de los Bravo',CONVERT(datetime,'01/01/2022',103),NULL,'I'),
(736,11,'029','San Diego de la Unión',CONVERT(datetime,'01/01/2022',103),NULL,'I'),
(737,13,'029','Huichapan',CONVERT(datetime,'01/01/2022',103),NULL,'I'),
(738,14,'029','Cuquío',CONVERT(datetime,'01/01/2022',103),NULL,'I'),
(739,15,'029','Chicoloapan',CONVERT(datetime,'01/01/2022',103),NULL,'I'),
(740,16,'029','Churumuco',CONVERT(datetime,'01/01/2022',103),NULL,'I'),
(741,17,'029','Yautepec',CONVERT(datetime,'01/01/2022',103),NULL,'I'),
(742,19,'029','Hualahuises',CONVERT(datetime,'01/01/2022',103),NULL,'I'),
(743,20,'029','Eloxochitlán de Flores Magón',CONVERT(datetime,'01/01/2022',103),NULL,'I'),
(744,21,'029','Caxhuacan',CONVERT(datetime,'01/01/2022',103),NULL,'I'),
(745,24,'029','San Martín Chalchicuautla',CONVERT(datetime,'01/01/2022',103),NULL,'I'),
(746,26,'029','Guaymas',CONVERT(datetime,'01/01/2022',103),NULL,'I'),
(747,28,'029','Ocampo',CONVERT(datetime,'01/01/2022',103),NULL,'I'),
(748,29,'029','Tepeyanco',CONVERT(datetime,'01/01/2022',103),NULL,'I'),
(749,30,'029','Calcahualco',CONVERT(datetime,'01/01/2022',103),NULL,'I'),
(750,31,'029','Dzilam González',CONVERT(datetime,'01/01/2022',103),NULL,'I'),
(751,32,'029','Miguel Auza',CONVERT(datetime,'01/01/2022',103),NULL,'I'),
(752,7,'030','Saltillo',CONVERT(datetime,'01/01/2022',103),NULL,'I'),
(753,6,'030','Guazapares',CONVERT(datetime,'01/01/2022',103),NULL,'I'),
(754,5,'030','Chicomuselo',CONVERT(datetime,'01/01/2022',103),NULL,'I'),
(755,10,'030','San Pedro del Gallo',CONVERT(datetime,'01/01/2022',103),NULL,'I'),
(756,12,'030','Florencio Villarreal',CONVERT(datetime,'01/01/2022',103),NULL,'I'),
(757,11,'030','San Felipe',CONVERT(datetime,'01/01/2022',103),NULL,'I'),
(758,13,'030','Ixmiquilpan',CONVERT(datetime,'01/01/2022',103),NULL,'I'),
(759,14,'030','Chapala',CONVERT(datetime,'01/01/2022',103),NULL,'I'),
(760,15,'030','Chiconcuac',CONVERT(datetime,'01/01/2022',103),NULL,'I'),
(761,16,'030','Ecuandureo',CONVERT(datetime,'01/01/2022',103),NULL,'I'),
(762,17,'030','Yecapixtla',CONVERT(datetime,'01/01/2022',103),NULL,'I'),
(763,19,'030','Iturbide',CONVERT(datetime,'01/01/2022',103),NULL,'I'),
(764,20,'030','El Espinal',CONVERT(datetime,'01/01/2022',103),NULL,'I'),
(765,21,'030','Coatepec',CONVERT(datetime,'01/01/2022',103),NULL,'I'),
(766,24,'030','San Nicolás Tolentino',CONVERT(datetime,'01/01/2022',103),NULL,'I'),
(767,26,'030','Hermosillo',CONVERT(datetime,'01/01/2022',103),NULL,'I'),
(768,28,'030','Padilla',CONVERT(datetime,'01/01/2022',103),NULL,'I'),
(769,29,'030','Terrenate',CONVERT(datetime,'01/01/2022',103),NULL,'I'),
(770,30,'030','Camerino Z. Mendoza',CONVERT(datetime,'01/01/2022',103),NULL,'I'),
(771,31,'030','Dzitás',CONVERT(datetime,'01/01/2022',103),NULL,'I'),
(772,32,'030','Momax',CONVERT(datetime,'01/01/2022',103),NULL,'I'),
(773,7,'031','San Buenaventura',CONVERT(datetime,'01/01/2022',103),NULL,'I'),
(774,6,'031','Guerrero',CONVERT(datetime,'01/01/2022',103),NULL,'I'),
(775,5,'031','Chilón',CONVERT(datetime,'01/01/2022',103),NULL,'I'),
(776,10,'031','Santa Clara',CONVERT(datetime,'01/01/2022',103),NULL,'I'),
(777,12,'031','General Canuto A. Neri',CONVERT(datetime,'01/01/2022',103),NULL,'I'),
(778,11,'031','San Francisco del Rincón',CONVERT(datetime,'01/01/2022',103),NULL,'I'),
(779,13,'031','Jacala de Ledezma',CONVERT(datetime,'01/01/2022',103),NULL,'I'),
(780,14,'031','Chimaltitán',CONVERT(datetime,'01/01/2022',103),NULL,'I'),
(781,15,'031','Chimalhuacán',CONVERT(datetime,'01/01/2022',103),NULL,'I'),
(782,16,'031','Epitacio Huerta',CONVERT(datetime,'01/01/2022',103),NULL,'I'),
(783,17,'031','Zacatepec',CONVERT(datetime,'01/01/2022',103),NULL,'I'),
(784,19,'031','Juárez',CONVERT(datetime,'01/01/2022',103),NULL,'I'),
(785,20,'031','Tamazulápam del Espíritu Santo',CONVERT(datetime,'01/01/2022',103),NULL,'I'),
(786,21,'031','Coatzingo',CONVERT(datetime,'01/01/2022',103),NULL,'I'),
(787,24,'031','Santa Catarina',CONVERT(datetime,'01/01/2022',103),NULL,'I'),
(788,26,'031','Huachinera',CONVERT(datetime,'01/01/2022',103),NULL,'I'),
(789,28,'031','Palmillas',CONVERT(datetime,'01/01/2022',103),NULL,'I'),
(790,29,'031','Tetla de la Solidaridad',CONVERT(datetime,'01/01/2022',103),NULL,'I'),
(791,30,'031','Carrillo Puerto',CONVERT(datetime,'01/01/2022',103),NULL,'I'),
(792,31,'031','Dzoncauich',CONVERT(datetime,'01/01/2022',103),NULL,'I'),
(793,32,'031','Monte Escobedo',CONVERT(datetime,'01/01/2022',103),NULL,'I'),
(794,7,'032','San Juan de Sabinas',CONVERT(datetime,'01/01/2022',103),NULL,'I'),
(795,6,'032','Hidalgo del Parral',CONVERT(datetime,'01/01/2022',103),NULL,'I'),
(796,5,'032','Escuintla',CONVERT(datetime,'01/01/2022',103),NULL,'I'),
(797,10,'032','Santiago Papasquiaro',CONVERT(datetime,'01/01/2022',103),NULL,'I'),
(798,12,'032','General Heliodoro Castillo',CONVERT(datetime,'01/01/2022',103),NULL,'I'),
(799,11,'032','San José Iturbide',CONVERT(datetime,'01/01/2022',103),NULL,'I'),
(800,13,'032','Jaltocán',CONVERT(datetime,'01/01/2022',103),NULL,'I'),
(801,14,'032','Chiquilistlán',CONVERT(datetime,'01/01/2022',103),NULL,'I'),
(802,15,'032','Donato Guerra',CONVERT(datetime,'01/01/2022',103),NULL,'I'),
(803,16,'032','Erongarícuaro',CONVERT(datetime,'01/01/2022',103),NULL,'I'),
(804,17,'032','Zacualpan',CONVERT(datetime,'01/01/2022',103),NULL,'I'),
(805,19,'032','Lampazos de Naranjo',CONVERT(datetime,'01/01/2022',103),NULL,'I'),
(806,20,'032','Fresnillo de Trujano',CONVERT(datetime,'01/01/2022',103),NULL,'I'),
(807,21,'032','Cohetzala',CONVERT(datetime,'01/01/2022',103),NULL,'I'),
(808,24,'032','Santa María del Río',CONVERT(datetime,'01/01/2022',103),NULL,'I'),
(809,26,'032','Huásabas',CONVERT(datetime,'01/01/2022',103),NULL,'I'),
(810,28,'032','Reynosa',CONVERT(datetime,'01/01/2022',103),NULL,'I'),
(811,29,'032','Tetlatlahuca',CONVERT(datetime,'01/01/2022',103),NULL,'I'),
(812,30,'032','Catemaco',CONVERT(datetime,'01/01/2022',103),NULL,'I'),
(813,31,'032','Espita',CONVERT(datetime,'01/01/2022',103),NULL,'I'),
(814,32,'032','Morelos',CONVERT(datetime,'01/01/2022',103),NULL,'I'),
(815,7,'033','San Pedro',CONVERT(datetime,'01/01/2022',103),NULL,'I'),
(816,6,'033','Huejotitán',CONVERT(datetime,'01/01/2022',103),NULL,'I'),
(817,5,'033','Francisco León',CONVERT(datetime,'01/01/2022',103),NULL,'I'),
(818,10,'033','Súchil',CONVERT(datetime,'01/01/2022',103),NULL,'I'),
(819,12,'033','Huamuxtitlán',CONVERT(datetime,'01/01/2022',103),NULL,'I'),
(820,11,'033','San Luis de la Paz',CONVERT(datetime,'01/01/2022',103),NULL,'I'),
(821,13,'033','Juárez Hidalgo',CONVERT(datetime,'01/01/2022',103),NULL,'I'),
(822,14,'033','Degollado',CONVERT(datetime,'01/01/2022',103),NULL,'I'),
(823,15,'033','Ecatepec de Morelos',CONVERT(datetime,'01/01/2022',103),NULL,'I'),
(824,16,'033','Gabriel Zamora',CONVERT(datetime,'01/01/2022',103),NULL,'I'),
(825,17,'033','Temoac',CONVERT(datetime,'01/01/2022',103),NULL,'I'),
(826,19,'033','Linares',CONVERT(datetime,'01/01/2022',103),NULL,'I'),
(827,20,'033','Guadalupe Etla',CONVERT(datetime,'01/01/2022',103),NULL,'I'),
(828,21,'033','Cohuecan',CONVERT(datetime,'01/01/2022',103),NULL,'I'),
(829,24,'033','Santo Domingo',CONVERT(datetime,'01/01/2022',103),NULL,'I'),
(830,26,'033','Huatabampo',CONVERT(datetime,'01/01/2022',103),NULL,'I'),
(831,28,'033','Río Bravo',CONVERT(datetime,'01/01/2022',103),NULL,'I'),
(832,29,'033','Tlaxcala',CONVERT(datetime,'01/01/2022',103),NULL,'I'),
(833,30,'033','Cazones de Herrera',CONVERT(datetime,'01/01/2022',103),NULL,'I'),
(834,31,'033','Halachó',CONVERT(datetime,'01/01/2022',103),NULL,'I'),
(835,32,'033','Moyahua de Estrada',CONVERT(datetime,'01/01/2022',103),NULL,'I'),
(836,7,'034','Sierra Mojada',CONVERT(datetime,'01/01/2022',103),NULL,'I'),
(837,6,'034','Ignacio Zaragoza',CONVERT(datetime,'01/01/2022',103),NULL,'I'),
(838,5,'034','Frontera Comalapa',CONVERT(datetime,'01/01/2022',103),NULL,'I'),
(839,10,'034','Tamazula',CONVERT(datetime,'01/01/2022',103),NULL,'I'),
(840,12,'034','Huitzuco de los Figueroa',CONVERT(datetime,'01/01/2022',103),NULL,'I'),
(841,11,'034','Santa Catarina',CONVERT(datetime,'01/01/2022',103),NULL,'I'),
(842,13,'034','Lolotla',CONVERT(datetime,'01/01/2022',103),NULL,'I'),
(843,14,'034','Ejutla',CONVERT(datetime,'01/01/2022',103),NULL,'I'),
(844,15,'034','Ecatzingo',CONVERT(datetime,'01/01/2022',103),NULL,'I'),
(845,16,'034','Hidalgo',CONVERT(datetime,'01/01/2022',103),NULL,'I'),
(846,19,'034','Marín',CONVERT(datetime,'01/01/2022',103),NULL,'I'),
(847,20,'034','Guadalupe de Ramírez',CONVERT(datetime,'01/01/2022',103),NULL,'I'),
(848,21,'034','Coronango',CONVERT(datetime,'01/01/2022',103),NULL,'I'),
(849,24,'034','San Vicente Tancuayalab',CONVERT(datetime,'01/01/2022',103),NULL,'I'),
(850,26,'034','Huépac',CONVERT(datetime,'01/01/2022',103),NULL,'I'),
(851,28,'034','San Carlos',CONVERT(datetime,'01/01/2022',103),NULL,'I'),
(852,29,'034','Tlaxco',CONVERT(datetime,'01/01/2022',103),NULL,'I'),
(853,30,'034','Cerro Azul',CONVERT(datetime,'01/01/2022',103),NULL,'I'),
(854,31,'034','Hocabá',CONVERT(datetime,'01/01/2022',103),NULL,'I'),
(855,32,'034','Nochistlán de Mejía',CONVERT(datetime,'01/01/2022',103),NULL,'I'),
(856,7,'035','Torreón',CONVERT(datetime,'01/01/2022',103),NULL,'I'),
(857,6,'035','Janos',CONVERT(datetime,'01/01/2022',103),NULL,'I'),
(858,5,'035','Frontera Hidalgo',CONVERT(datetime,'01/01/2022',103),NULL,'I'),
(859,10,'035','Tepehuanes',CONVERT(datetime,'01/01/2022',103),NULL,'I'),
(860,12,'035','Iguala de la Independencia',CONVERT(datetime,'01/01/2022',103),NULL,'I'),
(861,11,'035','Santa Cruz de Juventino Rosas',CONVERT(datetime,'01/01/2022',103),NULL,'I'),
(862,13,'035','Metepec',CONVERT(datetime,'01/01/2022',103),NULL,'I'),
(863,14,'035','Encarnación de Díaz',CONVERT(datetime,'01/01/2022',103),NULL,'I'),
(864,15,'035','Huehuetoca',CONVERT(datetime,'01/01/2022',103),NULL,'I'),
(865,16,'035','La Huacana',CONVERT(datetime,'01/01/2022',103),NULL,'I'),
(866,19,'035','Melchor Ocampo',CONVERT(datetime,'01/01/2022',103),NULL,'I'),
(867,20,'035','Guelatao de Juárez',CONVERT(datetime,'01/01/2022',103),NULL,'I'),
(868,21,'035','Coxcatlán',CONVERT(datetime,'01/01/2022',103),NULL,'I'),
(869,24,'035','Soledad de Graciano Sánchez',CONVERT(datetime,'01/01/2022',103),NULL,'I'),
(870,26,'035','Imuris',CONVERT(datetime,'01/01/2022',103),NULL,'I'),
(871,28,'035','San Fernando',CONVERT(datetime,'01/01/2022',103),NULL,'I'),
(872,29,'035','Tocatlán',CONVERT(datetime,'01/01/2022',103),NULL,'I'),
(873,30,'035','Citlaltépetl',CONVERT(datetime,'01/01/2022',103),NULL,'I'),
(874,31,'035','Hoctún',CONVERT(datetime,'01/01/2022',103),NULL,'I'),
(875,32,'035','Noria de Ángeles',CONVERT(datetime,'01/01/2022',103),NULL,'I'),
(876,7,'036','Viesca',CONVERT(datetime,'01/01/2022',103),NULL,'I'),
(877,6,'036','Jiménez',CONVERT(datetime,'01/01/2022',103),NULL,'I'),
(878,5,'036','La Grandeza',CONVERT(datetime,'01/01/2022',103),NULL,'I'),
(879,10,'036','Tlahualilo',CONVERT(datetime,'01/01/2022',103),NULL,'I'),
(880,12,'036','Igualapa',CONVERT(datetime,'01/01/2022',103),NULL,'I'),
(881,11,'036','Santiago Maravatío',CONVERT(datetime,'01/01/2022',103),NULL,'I'),
(882,13,'036','San Agustín Metzquititlán',CONVERT(datetime,'01/01/2022',103),NULL,'I'),
(883,14,'036','Etzatlán',CONVERT(datetime,'01/01/2022',103),NULL,'I'),
(884,15,'036','Hueypoxtla',CONVERT(datetime,'01/01/2022',103),NULL,'I'),
(885,16,'036','Huandacareo',CONVERT(datetime,'01/01/2022',103),NULL,'I'),
(886,19,'036','Mier y Noriega',CONVERT(datetime,'01/01/2022',103),NULL,'I'),
(887,20,'036','Guevea de Humboldt',CONVERT(datetime,'01/01/2022',103),NULL,'I'),
(888,21,'036','Coyomeapan',CONVERT(datetime,'01/01/2022',103),NULL,'I'),
(889,24,'036','Tamasopo',CONVERT(datetime,'01/01/2022',103),NULL,'I'),
(890,26,'036','Magdalena',CONVERT(datetime,'01/01/2022',103),NULL,'I'),
(891,28,'036','San Nicolás',CONVERT(datetime,'01/01/2022',103),NULL,'I'),
(892,29,'036','Totolac',CONVERT(datetime,'01/01/2022',103),NULL,'I'),
(893,30,'036','Coacoatzintla',CONVERT(datetime,'01/01/2022',103),NULL,'I'),
(894,31,'036','Homún',CONVERT(datetime,'01/01/2022',103),NULL,'I'),
(895,32,'036','Ojocaliente',CONVERT(datetime,'01/01/2022',103),NULL,'I'),
(896,7,'037','Villa Unión',CONVERT(datetime,'01/01/2022',103),NULL,'I'),
(897,6,'037','Juárez',CONVERT(datetime,'01/01/2022',103),NULL,'I'),
(898,5,'037','Huehuetán',CONVERT(datetime,'01/01/2022',103),NULL,'I'),
(899,10,'037','Topia',CONVERT(datetime,'01/01/2022',103),NULL,'I'),
(900,12,'037','Ixcateopan de Cuauhtémoc',CONVERT(datetime,'01/01/2022',103),NULL,'I'),
(901,11,'037','Silao de la Victoria',CONVERT(datetime,'01/01/2022',103),NULL,'I'),
(902,13,'037','Metztitlán',CONVERT(datetime,'01/01/2022',103),NULL,'I'),
(903,14,'037','El Grullo',CONVERT(datetime,'01/01/2022',103),NULL,'I'),
(904,15,'037','Huixquilucan',CONVERT(datetime,'01/01/2022',103),NULL,'I'),
(905,16,'037','Huaniqueo',CONVERT(datetime,'01/01/2022',103),NULL,'I'),
(906,19,'037','Mina',CONVERT(datetime,'01/01/2022',103),NULL,'I'),
(907,20,'037','Mesones Hidalgo',CONVERT(datetime,'01/01/2022',103),NULL,'I'),
(908,21,'037','Coyotepec',CONVERT(datetime,'01/01/2022',103),NULL,'I'),
(909,24,'037','Tamazunchale',CONVERT(datetime,'01/01/2022',103),NULL,'I'),
(910,26,'037','Mazatán',CONVERT(datetime,'01/01/2022',103),NULL,'I'),
(911,28,'037','Soto la Marina',CONVERT(datetime,'01/01/2022',103),NULL,'I'),
(912,29,'037','Ziltlaltépec de Trinidad Sánchez Santos',CONVERT(datetime,'01/01/2022',103),NULL,'I'),
(913,30,'037','Coahuitlán',CONVERT(datetime,'01/01/2022',103),NULL,'I'),
(914,31,'037','Huhí',CONVERT(datetime,'01/01/2022',103),NULL,'I'),
(915,32,'037','Pánuco',CONVERT(datetime,'01/01/2022',103),NULL,'I'),
(916,7,'038','Zaragoza',CONVERT(datetime,'01/01/2022',103),NULL,'I'),
(917,6,'038','Julimes',CONVERT(datetime,'01/01/2022',103),NULL,'I'),
(918,5,'038','Huixtán',CONVERT(datetime,'01/01/2022',103),NULL,'I'),
(919,10,'038','Vicente Guerrero',CONVERT(datetime,'01/01/2022',103),NULL,'I'),
(920,12,'038','Zihuatanejo de Azueta',CONVERT(datetime,'01/01/2022',103),NULL,'I'),
(921,11,'038','Tarandacuao',CONVERT(datetime,'01/01/2022',103),NULL,'I'),
(922,13,'038','Mineral del Chico',CONVERT(datetime,'01/01/2022',103),NULL,'I'),
(923,14,'038','Guachinango',CONVERT(datetime,'01/01/2022',103),NULL,'I'),
(924,15,'038','Isidro Fabela',CONVERT(datetime,'01/01/2022',103),NULL,'I'),
(925,16,'038','Huetamo',CONVERT(datetime,'01/01/2022',103),NULL,'I'),
(926,19,'038','Montemorelos',CONVERT(datetime,'01/01/2022',103),NULL,'I'),
(927,20,'038','Villa Hidalgo',CONVERT(datetime,'01/01/2022',103),NULL,'I'),
(928,21,'038','Cuapiaxtla de Madero',CONVERT(datetime,'01/01/2022',103),NULL,'I'),
(929,24,'038','Tampacán',CONVERT(datetime,'01/01/2022',103),NULL,'I'),
(930,26,'038','Moctezuma',CONVERT(datetime,'01/01/2022',103),NULL,'I'),
(931,28,'038','Tampico',CONVERT(datetime,'01/01/2022',103),NULL,'I'),
(932,29,'038','Tzompantepec',CONVERT(datetime,'01/01/2022',103),NULL,'I'),
(933,30,'038','Coatepec',CONVERT(datetime,'01/01/2022',103),NULL,'I'),
(934,31,'038','Hunucmá',CONVERT(datetime,'01/01/2022',103),NULL,'I'),
(935,32,'038','Pinos',CONVERT(datetime,'01/01/2022',103),NULL,'I'),
(936,6,'039','López',CONVERT(datetime,'01/01/2022',103),NULL,'I'),
(937,5,'039','Huitiupán',CONVERT(datetime,'01/01/2022',103),NULL,'I'),
(938,10,'039','Nuevo Ideal',CONVERT(datetime,'01/01/2022',103),NULL,'I'),
(939,12,'039','Juan R. Escudero',CONVERT(datetime,'01/01/2022',103),NULL,'I'),
(940,11,'039','Tarimoro',CONVERT(datetime,'01/01/2022',103),NULL,'I'),
(941,13,'039','Mineral del Monte',CONVERT(datetime,'01/01/2022',103),NULL,'I'),
(942,14,'039','Guadalajara',CONVERT(datetime,'01/01/2022',103),NULL,'I'),
(943,15,'039','Ixtapaluca',CONVERT(datetime,'01/01/2022',103),NULL,'I'),
(944,16,'039','Huiramba',CONVERT(datetime,'01/01/2022',103),NULL,'I'),
(945,19,'039','Monterrey',CONVERT(datetime,'01/01/2022',103),NULL,'I'),
(946,20,'039','Heroica Ciudad de Huajuapan de León',CONVERT(datetime,'01/01/2022',103),NULL,'I'),
(947,21,'039','Cuautempan',CONVERT(datetime,'01/01/2022',103),NULL,'I'),
(948,24,'039','Tampamolón Corona',CONVERT(datetime,'01/01/2022',103),NULL,'I'),
(949,26,'039','Naco',CONVERT(datetime,'01/01/2022',103),NULL,'I'),
(950,28,'039','Tula',CONVERT(datetime,'01/01/2022',103),NULL,'I'),
(951,29,'039','Xaloztoc',CONVERT(datetime,'01/01/2022',103),NULL,'I'),
(952,30,'039','Coatzacoalcos',CONVERT(datetime,'01/01/2022',103),NULL,'I'),
(953,31,'039','Ixil',CONVERT(datetime,'01/01/2022',103),NULL,'I'),
(954,32,'039','Río Grande',CONVERT(datetime,'01/01/2022',103),NULL,'I'),
(955,6,'040','Madera',CONVERT(datetime,'01/01/2022',103),NULL,'I'),
(956,5,'040','Huixtla',CONVERT(datetime,'01/01/2022',103),NULL,'I'),
(957,12,'040','Leonardo Bravo',CONVERT(datetime,'01/01/2022',103),NULL,'I'),
(958,11,'040','Tierra Blanca',CONVERT(datetime,'01/01/2022',103),NULL,'I'),
(959,13,'040','La Misión',CONVERT(datetime,'01/01/2022',103),NULL,'I'),
(960,14,'040','Hostotipaquillo',CONVERT(datetime,'01/01/2022',103),NULL,'I'),
(961,15,'040','Ixtapan de la Sal',CONVERT(datetime,'01/01/2022',103),NULL,'I'),
(962,16,'040','Indaparapeo',CONVERT(datetime,'01/01/2022',103),NULL,'I'),
(963,19,'040','Parás',CONVERT(datetime,'01/01/2022',103),NULL,'I'),
(964,20,'040','Huautepec',CONVERT(datetime,'01/01/2022',103),NULL,'I'),
(965,21,'040','Cuautinchán',CONVERT(datetime,'01/01/2022',103),NULL,'I'),
(966,24,'040','Tamuín',CONVERT(datetime,'01/01/2022',103),NULL,'I'),
(967,26,'040','Nácori Chico',CONVERT(datetime,'01/01/2022',103),NULL,'I'),
(968,28,'040','Valle Hermoso',CONVERT(datetime,'01/01/2022',103),NULL,'I'),
(969,29,'040','Xaltocan',CONVERT(datetime,'01/01/2022',103),NULL,'I'),
(970,30,'040','Coatzintla',CONVERT(datetime,'01/01/2022',103),NULL,'I'),
(971,31,'040','Izamal',CONVERT(datetime,'01/01/2022',103),NULL,'I'),
(972,32,'040','Sain Alto',CONVERT(datetime,'01/01/2022',103),NULL,'I'),
(973,6,'041','Maguarichi',CONVERT(datetime,'01/01/2022',103),NULL,'I'),
(974,5,'041','La Independencia',CONVERT(datetime,'01/01/2022',103),NULL,'I'),
(975,12,'041','Malinaltepec',CONVERT(datetime,'01/01/2022',103),NULL,'I'),
(976,11,'041','Uriangato',CONVERT(datetime,'01/01/2022',103),NULL,'I'),
(977,13,'041','Mixquiahuala de Juárez',CONVERT(datetime,'01/01/2022',103),NULL,'I'),
(978,14,'041','Huejúcar',CONVERT(datetime,'01/01/2022',103),NULL,'I'),
(979,15,'041','Ixtapan del Oro',CONVERT(datetime,'01/01/2022',103),NULL,'I'),
(980,16,'041','Irimbo',CONVERT(datetime,'01/01/2022',103),NULL,'I'),
(981,19,'041','Pesquería',CONVERT(datetime,'01/01/2022',103),NULL,'I'),
(982,20,'041','Huautla de Jiménez',CONVERT(datetime,'01/01/2022',103),NULL,'I'),
(983,21,'041','Cuautlancingo',CONVERT(datetime,'01/01/2022',103),NULL,'I'),
(984,24,'041','Tanlajás',CONVERT(datetime,'01/01/2022',103),NULL,'I'),
(985,26,'041','Nacozari de García',CONVERT(datetime,'01/01/2022',103),NULL,'I'),
(986,28,'041','Victoria',CONVERT(datetime,'01/01/2022',103),NULL,'I'),
(987,29,'041','Papalotla de Xicohténcatl',CONVERT(datetime,'01/01/2022',103),NULL,'I'),
(988,30,'041','Coetzala',CONVERT(datetime,'01/01/2022',103),NULL,'I'),
(989,31,'041','Kanasín',CONVERT(datetime,'01/01/2022',103),NULL,'I'),
(990,32,'041','El Salvador',CONVERT(datetime,'01/01/2022',103),NULL,'I'),
(991,6,'042','Manuel Benavides',CONVERT(datetime,'01/01/2022',103),NULL,'I'),
(992,5,'042','Ixhuatán',CONVERT(datetime,'01/01/2022',103),NULL,'I'),
(993,12,'042','Mártir de Cuilapan',CONVERT(datetime,'01/01/2022',103),NULL,'I'),
(994,11,'042','Valle de Santiago',CONVERT(datetime,'01/01/2022',103),NULL,'I'),
(995,13,'042','Molango de Escamilla',CONVERT(datetime,'01/01/2022',103),NULL,'I'),
(996,14,'042','Huejuquilla el Alto',CONVERT(datetime,'01/01/2022',103),NULL,'I'),
(997,15,'042','Ixtlahuaca',CONVERT(datetime,'01/01/2022',103),NULL,'I'),
(998,16,'042','Ixtlán',CONVERT(datetime,'01/01/2022',103),NULL,'I'),
(999,19,'042','Los Ramones',CONVERT(datetime,'01/01/2022',103),NULL,'I'),
(1000,20,'042','Ixtlán de Juárez',CONVERT(datetime,'01/01/2022',103),NULL,'I')
GO

INSERT INTO SatMunicipios   
(
Id,
EstadoId,
ClaveSAT,
DescripcionSAT,
FechaInicioVigenciaSAT,
FechaFinVigenciaSAT,
Estatus
)
VALUES 
(1001,21,'042','Cuayuca de Andrade',CONVERT(datetime,'01/01/2022',103),NULL,'I'),
(1002,24,'042','Tanquián de Escobedo',CONVERT(datetime,'01/01/2022',103),NULL,'I'),
(1003,26,'042','Navojoa',CONVERT(datetime,'01/01/2022',103),NULL,'I'),
(1004,28,'042','Villagrán',CONVERT(datetime,'01/01/2022',103),NULL,'I'),
(1005,29,'042','Xicohtzinco',CONVERT(datetime,'01/01/2022',103),NULL,'I'),
(1006,30,'042','Colipa',CONVERT(datetime,'01/01/2022',103),NULL,'I'),
(1007,31,'042','Kantunil',CONVERT(datetime,'01/01/2022',103),NULL,'I'),
(1008,32,'042','Sombrerete',CONVERT(datetime,'01/01/2022',103),NULL,'I'),
(1009,6,'043','Matachí',CONVERT(datetime,'01/01/2022',103),NULL,'I'),
(1010,5,'043','Ixtacomitán',CONVERT(datetime,'01/01/2022',103),NULL,'I'),
(1011,12,'043','Metlatónoc',CONVERT(datetime,'01/01/2022',103),NULL,'I'),
(1012,11,'043','Victoria',CONVERT(datetime,'01/01/2022',103),NULL,'I'),
(1013,13,'043','Nicolás Flores',CONVERT(datetime,'01/01/2022',103),NULL,'I'),
(1014,14,'043','La Huerta',CONVERT(datetime,'01/01/2022',103),NULL,'I'),
(1015,15,'043','Xalatlaco',CONVERT(datetime,'01/01/2022',103),NULL,'I'),
(1016,16,'043','Jacona',CONVERT(datetime,'01/01/2022',103),NULL,'I'),
(1017,19,'043','Rayones',CONVERT(datetime,'01/01/2022',103),NULL,'I'),
(1018,20,'043','Heroica Ciudad de Juchitán de Zaragoza',CONVERT(datetime,'01/01/2022',103),NULL,'I'),
(1019,21,'043','Cuetzalan del Progreso',CONVERT(datetime,'01/01/2022',103),NULL,'I'),
(1020,24,'043','Tierra Nueva',CONVERT(datetime,'01/01/2022',103),NULL,'I'),
(1021,26,'043','Nogales',CONVERT(datetime,'01/01/2022',103),NULL,'I'),
(1022,28,'043','Xicoténcatl',CONVERT(datetime,'01/01/2022',103),NULL,'I'),
(1023,29,'043','Yauhquemehcan',CONVERT(datetime,'01/01/2022',103),NULL,'I'),
(1024,30,'043','Comapa',CONVERT(datetime,'01/01/2022',103),NULL,'I'),
(1025,31,'043','Kaua',CONVERT(datetime,'01/01/2022',103),NULL,'I'),
(1026,32,'043','Susticacán',CONVERT(datetime,'01/01/2022',103),NULL,'I'),
(1027,6,'044','Matamoros',CONVERT(datetime,'01/01/2022',103),NULL,'I'),
(1028,5,'044','Ixtapa',CONVERT(datetime,'01/01/2022',103),NULL,'I'),
(1029,12,'044','Mochitlán',CONVERT(datetime,'01/01/2022',103),NULL,'I'),
(1030,11,'044','Villagrán',CONVERT(datetime,'01/01/2022',103),NULL,'I'),
(1031,13,'044','Nopala de Villagrán',CONVERT(datetime,'01/01/2022',103),NULL,'I'),
(1032,14,'044','Ixtlahuacán de los Membrillos',CONVERT(datetime,'01/01/2022',103),NULL,'I'),
(1033,15,'044','Jaltenco',CONVERT(datetime,'01/01/2022',103),NULL,'I'),
(1034,16,'044','Jiménez',CONVERT(datetime,'01/01/2022',103),NULL,'I'),
(1035,19,'044','Sabinas Hidalgo',CONVERT(datetime,'01/01/2022',103),NULL,'I'),
(1036,20,'044','Loma Bonita',CONVERT(datetime,'01/01/2022',103),NULL,'I'),
(1037,21,'044','Cuyoaco',CONVERT(datetime,'01/01/2022',103),NULL,'I'),
(1038,24,'044','Vanegas',CONVERT(datetime,'01/01/2022',103),NULL,'I'),
(1039,26,'044','Onavas',CONVERT(datetime,'01/01/2022',103),NULL,'I'),
(1040,29,'044','Zacatelco',CONVERT(datetime,'01/01/2022',103),NULL,'I'),
(1041,30,'044','Córdoba',CONVERT(datetime,'01/01/2022',103),NULL,'I'),
(1042,31,'044','Kinchil',CONVERT(datetime,'01/01/2022',103),NULL,'I'),
(1043,32,'044','Tabasco',CONVERT(datetime,'01/01/2022',103),NULL,'I'),
(1044,6,'045','Meoqui',CONVERT(datetime,'01/01/2022',103),NULL,'I'),
(1045,5,'045','Ixtapangajoya',CONVERT(datetime,'01/01/2022',103),NULL,'I'),
(1046,12,'045','Olinalá',CONVERT(datetime,'01/01/2022',103),NULL,'I'),
(1047,11,'045','Xichú',CONVERT(datetime,'01/01/2022',103),NULL,'I'),
(1048,13,'045','Omitlán de Juárez',CONVERT(datetime,'01/01/2022',103),NULL,'I'),
(1049,14,'045','Ixtlahuacán del Río',CONVERT(datetime,'01/01/2022',103),NULL,'I'),
(1050,15,'045','Jilotepec',CONVERT(datetime,'01/01/2022',103),NULL,'I'),
(1051,16,'045','Jiquilpan',CONVERT(datetime,'01/01/2022',103),NULL,'I'),
(1052,19,'045','Salinas Victoria',CONVERT(datetime,'01/01/2022',103),NULL,'I'),
(1053,20,'045','Magdalena Apasco',CONVERT(datetime,'01/01/2022',103),NULL,'I'),
(1054,21,'045','Chalchicomula de Sesma',CONVERT(datetime,'01/01/2022',103),NULL,'I'),
(1055,24,'045','Venado',CONVERT(datetime,'01/01/2022',103),NULL,'I'),
(1056,26,'045','Opodepe',CONVERT(datetime,'01/01/2022',103),NULL,'I'),
(1057,29,'045','Benito Juárez',CONVERT(datetime,'01/01/2022',103),NULL,'I'),
(1058,30,'045','Cosamaloapan de Carpio',CONVERT(datetime,'01/01/2022',103),NULL,'I'),
(1059,31,'045','Kopomá',CONVERT(datetime,'01/01/2022',103),NULL,'I'),
(1060,32,'045','Tepechitlán',CONVERT(datetime,'01/01/2022',103),NULL,'I'),
(1061,6,'046','Morelos',CONVERT(datetime,'01/01/2022',103),NULL,'I'),
(1062,5,'046','Jiquipilas',CONVERT(datetime,'01/01/2022',103),NULL,'I'),
(1063,12,'046','Ometepec',CONVERT(datetime,'01/01/2022',103),NULL,'I'),
(1064,11,'046','Yuriria',CONVERT(datetime,'01/01/2022',103),NULL,'I'),
(1065,13,'046','San Felipe Orizatlán',CONVERT(datetime,'01/01/2022',103),NULL,'I'),
(1066,14,'046','Jalostotitlán',CONVERT(datetime,'01/01/2022',103),NULL,'I'),
(1067,15,'046','Jilotzingo',CONVERT(datetime,'01/01/2022',103),NULL,'I'),
(1068,16,'046','Juárez',CONVERT(datetime,'01/01/2022',103),NULL,'I'),
(1069,19,'046','San Nicolás de los Garza',CONVERT(datetime,'01/01/2022',103),NULL,'I'),
(1070,20,'046','Magdalena Jaltepec',CONVERT(datetime,'01/01/2022',103),NULL,'I'),
(1071,21,'046','Chapulco',CONVERT(datetime,'01/01/2022',103),NULL,'I'),
(1072,24,'046','Villa de Arriaga',CONVERT(datetime,'01/01/2022',103),NULL,'I'),
(1073,26,'046','Oquitoa',CONVERT(datetime,'01/01/2022',103),NULL,'I'),
(1074,29,'046','Emiliano Zapata',CONVERT(datetime,'01/01/2022',103),NULL,'I'),
(1075,30,'046','Cosautlán de Carvajal',CONVERT(datetime,'01/01/2022',103),NULL,'I'),
(1076,31,'046','Mama',CONVERT(datetime,'01/01/2022',103),NULL,'I'),
(1077,32,'046','Tepetongo',CONVERT(datetime,'01/01/2022',103),NULL,'I'),
(1078,6,'047','Moris',CONVERT(datetime,'01/01/2022',103),NULL,'I'),
(1079,5,'047','Jitotol',CONVERT(datetime,'01/01/2022',103),NULL,'I'),
(1080,12,'047','Pedro Ascencio Alquisiras',CONVERT(datetime,'01/01/2022',103),NULL,'I'),
(1081,13,'047','Pacula',CONVERT(datetime,'01/01/2022',103),NULL,'I'),
(1082,14,'047','Jamay',CONVERT(datetime,'01/01/2022',103),NULL,'I'),
(1083,15,'047','Jiquipilco',CONVERT(datetime,'01/01/2022',103),NULL,'I'),
(1084,16,'047','Jungapeo',CONVERT(datetime,'01/01/2022',103),NULL,'I'),
(1085,19,'047','Hidalgo',CONVERT(datetime,'01/01/2022',103),NULL,'I'),
(1086,20,'047','Santa Magdalena Jicotlán',CONVERT(datetime,'01/01/2022',103),NULL,'I'),
(1087,21,'047','Chiautla',CONVERT(datetime,'01/01/2022',103),NULL,'I'),
(1088,24,'047','Villa de Guadalupe',CONVERT(datetime,'01/01/2022',103),NULL,'I'),
(1089,26,'047','Pitiquito',CONVERT(datetime,'01/01/2022',103),NULL,'I'),
(1090,29,'047','Lázaro Cárdenas',CONVERT(datetime,'01/01/2022',103),NULL,'I'),
(1091,30,'047','Coscomatepec',CONVERT(datetime,'01/01/2022',103),NULL,'I'),
(1092,31,'047','Maní',CONVERT(datetime,'01/01/2022',103),NULL,'I'),
(1093,32,'047','Teúl de González Ortega',CONVERT(datetime,'01/01/2022',103),NULL,'I'),
(1094,6,'048','Namiquipa',CONVERT(datetime,'01/01/2022',103),NULL,'I'),
(1095,5,'048','Juárez',CONVERT(datetime,'01/01/2022',103),NULL,'I'),
(1096,12,'048','Petatlán',CONVERT(datetime,'01/01/2022',103),NULL,'I'),
(1097,13,'048','Pachuca de Soto',CONVERT(datetime,'01/01/2022',103),NULL,'I'),
(1098,14,'048','Jesús María',CONVERT(datetime,'01/01/2022',103),NULL,'I'),
(1099,15,'048','Jocotitlán',CONVERT(datetime,'01/01/2022',103),NULL,'I'),
(1100,16,'048','Lagunillas',CONVERT(datetime,'01/01/2022',103),NULL,'I'),
(1101,19,'048','Santa Catarina',CONVERT(datetime,'01/01/2022',103),NULL,'I'),
(1102,20,'048','Magdalena Mixtepec',CONVERT(datetime,'01/01/2022',103),NULL,'I'),
(1103,21,'048','Chiautzingo',CONVERT(datetime,'01/01/2022',103),NULL,'I'),
(1104,24,'048','Villa de la Paz',CONVERT(datetime,'01/01/2022',103),NULL,'I'),
(1105,26,'048','Puerto Peñasco',CONVERT(datetime,'01/01/2022',103),NULL,'I'),
(1106,29,'048','La Magdalena Tlaltelulco',CONVERT(datetime,'01/01/2022',103),NULL,'I'),
(1107,30,'048','Cosoleacaque',CONVERT(datetime,'01/01/2022',103),NULL,'I'),
(1108,31,'048','Maxcanú',CONVERT(datetime,'01/01/2022',103),NULL,'I'),
(1109,32,'048','Tlaltenango de Sánchez Román',CONVERT(datetime,'01/01/2022',103),NULL,'I'),
(1110,6,'049','Nonoava',CONVERT(datetime,'01/01/2022',103),NULL,'I'),
(1111,5,'049','Larráinzar',CONVERT(datetime,'01/01/2022',103),NULL,'I'),
(1112,12,'049','Pilcaya',CONVERT(datetime,'01/01/2022',103),NULL,'I'),
(1113,13,'049','Pisaflores',CONVERT(datetime,'01/01/2022',103),NULL,'I'),
(1114,14,'049','Jilotlán de los Dolores',CONVERT(datetime,'01/01/2022',103),NULL,'I'),
(1115,15,'049','Joquicingo',CONVERT(datetime,'01/01/2022',103),NULL,'I'),
(1116,16,'049','Madero',CONVERT(datetime,'01/01/2022',103),NULL,'I'),
(1117,19,'049','Santiago',CONVERT(datetime,'01/01/2022',103),NULL,'I'),
(1118,20,'049','Magdalena Ocotlán',CONVERT(datetime,'01/01/2022',103),NULL,'I'),
(1119,21,'049','Chiconcuautla',CONVERT(datetime,'01/01/2022',103),NULL,'I'),
(1120,24,'049','Villa de Ramos',CONVERT(datetime,'01/01/2022',103),NULL,'I'),
(1121,26,'049','Quiriego',CONVERT(datetime,'01/01/2022',103),NULL,'I'),
(1122,29,'049','San Damián Texóloc',CONVERT(datetime,'01/01/2022',103),NULL,'I'),
(1123,30,'049','Cotaxtla',CONVERT(datetime,'01/01/2022',103),NULL,'I'),
(1124,31,'049','Mayapán',CONVERT(datetime,'01/01/2022',103),NULL,'I'),
(1125,32,'049','Valparaíso',CONVERT(datetime,'01/01/2022',103),NULL,'I'),
(1126,6,'050','Nuevo Casas Grandes',CONVERT(datetime,'01/01/2022',103),NULL,'I'),
(1127,5,'050','La Libertad',CONVERT(datetime,'01/01/2022',103),NULL,'I'),
(1128,12,'050','Pungarabato',CONVERT(datetime,'01/01/2022',103),NULL,'I'),
(1129,13,'050','Progreso de Obregón',CONVERT(datetime,'01/01/2022',103),NULL,'I'),
(1130,14,'050','Jocotepec',CONVERT(datetime,'01/01/2022',103),NULL,'I'),
(1131,15,'050','Juchitepec',CONVERT(datetime,'01/01/2022',103),NULL,'I'),
(1132,16,'050','Maravatío',CONVERT(datetime,'01/01/2022',103),NULL,'I'),
(1133,19,'050','Vallecillo',CONVERT(datetime,'01/01/2022',103),NULL,'I'),
(1134,20,'050','Magdalena Peñasco',CONVERT(datetime,'01/01/2022',103),NULL,'I'),
(1135,21,'050','Chichiquila',CONVERT(datetime,'01/01/2022',103),NULL,'I'),
(1136,24,'050','Villa de Reyes',CONVERT(datetime,'01/01/2022',103),NULL,'I'),
(1137,26,'050','Rayón',CONVERT(datetime,'01/01/2022',103),NULL,'I'),
(1138,29,'050','San Francisco Tetlanohcan',CONVERT(datetime,'01/01/2022',103),NULL,'I'),
(1139,30,'050','Coxquihui',CONVERT(datetime,'01/01/2022',103),NULL,'I'),
(1140,31,'050','Mérida',CONVERT(datetime,'01/01/2022',103),NULL,'I'),
(1141,32,'050','Vetagrande',CONVERT(datetime,'01/01/2022',103),NULL,'I'),
(1142,6,'051','Ocampo',CONVERT(datetime,'01/01/2022',103),NULL,'I'),
(1143,5,'051','Mapastepec',CONVERT(datetime,'01/01/2022',103),NULL,'I'),
(1144,12,'051','Quechultenango',CONVERT(datetime,'01/01/2022',103),NULL,'I'),
(1145,13,'051','Mineral de la Reforma',CONVERT(datetime,'01/01/2022',103),NULL,'I'),
(1146,14,'051','Juanacatlán',CONVERT(datetime,'01/01/2022',103),NULL,'I'),
(1147,15,'051','Lerma',CONVERT(datetime,'01/01/2022',103),NULL,'I'),
(1148,16,'051','Marcos Castellanos',CONVERT(datetime,'01/01/2022',103),NULL,'I'),
(1149,19,'051','Villaldama',CONVERT(datetime,'01/01/2022',103),NULL,'I'),
(1150,20,'051','Magdalena Teitipac',CONVERT(datetime,'01/01/2022',103),NULL,'I'),
(1151,21,'051','Chietla',CONVERT(datetime,'01/01/2022',103),NULL,'I'),
(1152,24,'051','Villa Hidalgo',CONVERT(datetime,'01/01/2022',103),NULL,'I'),
(1153,26,'051','Rosario',CONVERT(datetime,'01/01/2022',103),NULL,'I'),
(1154,29,'051','San Jerónimo Zacualpan',CONVERT(datetime,'01/01/2022',103),NULL,'I'),
(1155,30,'051','Coyutla',CONVERT(datetime,'01/01/2022',103),NULL,'I'),
(1156,31,'051','Mocochá',CONVERT(datetime,'01/01/2022',103),NULL,'I'),
(1157,32,'051','Villa de Cos',CONVERT(datetime,'01/01/2022',103),NULL,'I'),
(1158,6,'052','Ojinaga',CONVERT(datetime,'01/01/2022',103),NULL,'I'),
(1159,5,'052','Las Margaritas',CONVERT(datetime,'01/01/2022',103),NULL,'I'),
(1160,12,'052','San Luis Acatlán',CONVERT(datetime,'01/01/2022',103),NULL,'I'),
(1161,13,'052','San Agustín Tlaxiaca',CONVERT(datetime,'01/01/2022',103),NULL,'I'),
(1162,14,'052','Juchitlán',CONVERT(datetime,'01/01/2022',103),NULL,'I'),
(1163,15,'052','Malinalco',CONVERT(datetime,'01/01/2022',103),NULL,'I'),
(1164,16,'052','Lázaro Cárdenas',CONVERT(datetime,'01/01/2022',103),NULL,'I'),
(1165,20,'052','Magdalena Tequisistlán',CONVERT(datetime,'01/01/2022',103),NULL,'I'),
(1166,21,'052','Chigmecatitlán',CONVERT(datetime,'01/01/2022',103),NULL,'I'),
(1167,24,'052','Villa Juárez',CONVERT(datetime,'01/01/2022',103),NULL,'I'),
(1168,26,'052','Sahuaripa',CONVERT(datetime,'01/01/2022',103),NULL,'I'),
(1169,29,'052','San José Teacalco',CONVERT(datetime,'01/01/2022',103),NULL,'I'),
(1170,30,'052','Cuichapa',CONVERT(datetime,'01/01/2022',103),NULL,'I'),
(1171,31,'052','Motul',CONVERT(datetime,'01/01/2022',103),NULL,'I'),
(1172,32,'052','Villa García',CONVERT(datetime,'01/01/2022',103),NULL,'I'),
(1173,6,'053','Praxedis G. Guerrero',CONVERT(datetime,'01/01/2022',103),NULL,'I'),
(1174,5,'053','Mazapa de Madero',CONVERT(datetime,'01/01/2022',103),NULL,'I'),
(1175,12,'053','San Marcos',CONVERT(datetime,'01/01/2022',103),NULL,'I'),
(1176,13,'053','San Bartolo Tutotepec',CONVERT(datetime,'01/01/2022',103),NULL,'I'),
(1177,14,'053','Lagos de Moreno',CONVERT(datetime,'01/01/2022',103),NULL,'I'),
(1178,15,'053','Melchor Ocampo',CONVERT(datetime,'01/01/2022',103),NULL,'I'),
(1179,16,'053','Morelia',CONVERT(datetime,'01/01/2022',103),NULL,'I'),
(1180,20,'053','Magdalena Tlacotepec',CONVERT(datetime,'01/01/2022',103),NULL,'I'),
(1181,21,'053','Chignahuapan',CONVERT(datetime,'01/01/2022',103),NULL,'I'),
(1182,24,'053','Axtla de Terrazas',CONVERT(datetime,'01/01/2022',103),NULL,'I'),
(1183,26,'053','San Felipe de Jesús',CONVERT(datetime,'01/01/2022',103),NULL,'I'),
(1184,29,'053','San Juan Huactzinco',CONVERT(datetime,'01/01/2022',103),NULL,'I'),
(1185,30,'053','Cuitláhuac',CONVERT(datetime,'01/01/2022',103),NULL,'I'),
(1186,31,'053','Muna',CONVERT(datetime,'01/01/2022',103),NULL,'I'),
(1187,32,'053','Villa González Ortega',CONVERT(datetime,'01/01/2022',103),NULL,'I'),
(1188,6,'054','Riva Palacio',CONVERT(datetime,'01/01/2022',103),NULL,'I'),
(1189,5,'054','Mazatán',CONVERT(datetime,'01/01/2022',103),NULL,'I'),
(1190,12,'054','San Miguel Totolapan',CONVERT(datetime,'01/01/2022',103),NULL,'I'),
(1191,13,'054','San Salvador',CONVERT(datetime,'01/01/2022',103),NULL,'I'),
(1192,14,'054','El Limón',CONVERT(datetime,'01/01/2022',103),NULL,'I'),
(1193,15,'054','Metepec',CONVERT(datetime,'01/01/2022',103),NULL,'I'),
(1194,16,'054','Morelos',CONVERT(datetime,'01/01/2022',103),NULL,'I'),
(1195,20,'054','Magdalena Zahuatlán',CONVERT(datetime,'01/01/2022',103),NULL,'I'),
(1196,21,'054','Chignautla',CONVERT(datetime,'01/01/2022',103),NULL,'I'),
(1197,24,'054','Xilitla',CONVERT(datetime,'01/01/2022',103),NULL,'I'),
(1198,26,'054','San Javier',CONVERT(datetime,'01/01/2022',103),NULL,'I'),
(1199,29,'054','San Lorenzo Axocomanitla',CONVERT(datetime,'01/01/2022',103),NULL,'I'),
(1200,30,'054','Chacaltianguis',CONVERT(datetime,'01/01/2022',103),NULL,'I'),
(1201,31,'054','Muxupip',CONVERT(datetime,'01/01/2022',103),NULL,'I'),
(1202,32,'054','Villa Hidalgo',CONVERT(datetime,'01/01/2022',103),NULL,'I'),
(1203,6,'055','Rosales',CONVERT(datetime,'01/01/2022',103),NULL,'I'),
(1204,5,'055','Metapa',CONVERT(datetime,'01/01/2022',103),NULL,'I'),
(1205,12,'055','Taxco de Alarcón',CONVERT(datetime,'01/01/2022',103),NULL,'I'),
(1206,13,'055','Santiago de Anaya',CONVERT(datetime,'01/01/2022',103),NULL,'I'),
(1207,14,'055','Magdalena',CONVERT(datetime,'01/01/2022',103),NULL,'I'),
(1208,15,'055','Mexicaltzingo',CONVERT(datetime,'01/01/2022',103),NULL,'I'),
(1209,16,'055','Múgica',CONVERT(datetime,'01/01/2022',103),NULL,'I'),
(1210,20,'055','Mariscala de Juárez',CONVERT(datetime,'01/01/2022',103),NULL,'I'),
(1211,21,'055','Chila',CONVERT(datetime,'01/01/2022',103),NULL,'I'),
(1212,24,'055','Zaragoza',CONVERT(datetime,'01/01/2022',103),NULL,'I'),
(1213,26,'055','San Luis Río Colorado',CONVERT(datetime,'01/01/2022',103),NULL,'I'),
(1214,29,'055','San Lucas Tecopilco',CONVERT(datetime,'01/01/2022',103),NULL,'I'),
(1215,30,'055','Chalma',CONVERT(datetime,'01/01/2022',103),NULL,'I'),
(1216,31,'055','Opichén',CONVERT(datetime,'01/01/2022',103),NULL,'I'),
(1217,32,'055','Villanueva',CONVERT(datetime,'01/01/2022',103),NULL,'I'),
(1218,6,'056','Rosario',CONVERT(datetime,'01/01/2022',103),NULL,'I'),
(1219,5,'056','Mitontic',CONVERT(datetime,'01/01/2022',103),NULL,'I'),
(1220,12,'056','Tecoanapa',CONVERT(datetime,'01/01/2022',103),NULL,'I'),
(1221,13,'056','Santiago Tulantepec de Lugo Guerrero',CONVERT(datetime,'01/01/2022',103),NULL,'I'),
(1222,14,'056','Santa María del Oro',CONVERT(datetime,'01/01/2022',103),NULL,'I'),
(1223,15,'056','Morelos',CONVERT(datetime,'01/01/2022',103),NULL,'I'),
(1224,16,'056','Nahuatzen',CONVERT(datetime,'01/01/2022',103),NULL,'I'),
(1225,20,'056','Mártires de Tacubaya',CONVERT(datetime,'01/01/2022',103),NULL,'I'),
(1226,21,'056','Chila de la Sal',CONVERT(datetime,'01/01/2022',103),NULL,'I'),
(1227,24,'056','Villa de Arista',CONVERT(datetime,'01/01/2022',103),NULL,'I'),
(1228,26,'056','San Miguel de Horcasitas',CONVERT(datetime,'01/01/2022',103),NULL,'I'),
(1229,29,'056','Santa Ana Nopalucan',CONVERT(datetime,'01/01/2022',103),NULL,'I'),
(1230,30,'056','Chiconamel',CONVERT(datetime,'01/01/2022',103),NULL,'I'),
(1231,31,'056','Oxkutzcab',CONVERT(datetime,'01/01/2022',103),NULL,'I'),
(1232,32,'056','Zacatecas',CONVERT(datetime,'01/01/2022',103),NULL,'I'),
(1233,6,'057','San Francisco de Borja',CONVERT(datetime,'01/01/2022',103),NULL,'I'),
(1234,5,'057','Motozintla',CONVERT(datetime,'01/01/2022',103),NULL,'I'),
(1235,12,'057','Técpan de Galeana',CONVERT(datetime,'01/01/2022',103),NULL,'I'),
(1236,13,'057','Singuilucan',CONVERT(datetime,'01/01/2022',103),NULL,'I'),
(1237,14,'057','La Manzanilla de la Paz',CONVERT(datetime,'01/01/2022',103),NULL,'I'),
(1238,15,'057','Naucalpan de Juárez',CONVERT(datetime,'01/01/2022',103),NULL,'I'),
(1239,16,'057','Nocupétaro',CONVERT(datetime,'01/01/2022',103),NULL,'I'),
(1240,20,'057','Matías Romero Avendaño',CONVERT(datetime,'01/01/2022',103),NULL,'I'),
(1241,21,'057','Honey',CONVERT(datetime,'01/01/2022',103),NULL,'I'),
(1242,24,'057','Matlapa',CONVERT(datetime,'01/01/2022',103),NULL,'I'),
(1243,26,'057','San Pedro de la Cueva',CONVERT(datetime,'01/01/2022',103),NULL,'I'),
(1244,29,'057','Santa Apolonia Teacalco',CONVERT(datetime,'01/01/2022',103),NULL,'I'),
(1245,30,'057','Chiconquiaco',CONVERT(datetime,'01/01/2022',103),NULL,'I'),
(1246,31,'057','Panabá',CONVERT(datetime,'01/01/2022',103),NULL,'I'),
(1247,32,'057','Trancoso',CONVERT(datetime,'01/01/2022',103),NULL,'I'),
(1248,6,'058','San Francisco de Conchos',CONVERT(datetime,'01/01/2022',103),NULL,'I'),
(1249,5,'058','Nicolás Ruíz',CONVERT(datetime,'01/01/2022',103),NULL,'I'),
(1250,12,'058','Teloloapan',CONVERT(datetime,'01/01/2022',103),NULL,'I'),
(1251,13,'058','Tasquillo',CONVERT(datetime,'01/01/2022',103),NULL,'I'),
(1252,14,'058','Mascota',CONVERT(datetime,'01/01/2022',103),NULL,'I'),
(1253,15,'058','Nezahualcóyotl',CONVERT(datetime,'01/01/2022',103),NULL,'I'),
(1254,16,'058','Nuevo Parangaricutiro',CONVERT(datetime,'01/01/2022',103),NULL,'I'),
(1255,20,'058','Mazatlán Villa de Flores',CONVERT(datetime,'01/01/2022',103),NULL,'I'),
(1256,21,'058','Chilchotla',CONVERT(datetime,'01/01/2022',103),NULL,'I'),
(1257,24,'058','El Naranjo',CONVERT(datetime,'01/01/2022',103),NULL,'I'),
(1258,26,'058','Santa Ana',CONVERT(datetime,'01/01/2022',103),NULL,'I'),
(1259,29,'058','Santa Catarina Ayometla',CONVERT(datetime,'01/01/2022',103),NULL,'I'),
(1260,30,'058','Chicontepec',CONVERT(datetime,'01/01/2022',103),NULL,'I'),
(1261,31,'058','Peto',CONVERT(datetime,'01/01/2022',103),NULL,'I'),
(1262,32,'058','Santa María de la Paz',CONVERT(datetime,'01/01/2022',103),NULL,'I'),
(1263,6,'059','San Francisco del Oro',CONVERT(datetime,'01/01/2022',103),NULL,'I'),
(1264,5,'059','Ocosingo',CONVERT(datetime,'01/01/2022',103),NULL,'I'),
(1265,12,'059','Tepecoacuilco de Trujano',CONVERT(datetime,'01/01/2022',103),NULL,'I'),
(1266,13,'059','Tecozautla',CONVERT(datetime,'01/01/2022',103),NULL,'I'),
(1267,14,'059','Mazamitla',CONVERT(datetime,'01/01/2022',103),NULL,'I'),
(1268,15,'059','Nextlalpan',CONVERT(datetime,'01/01/2022',103),NULL,'I'),
(1269,16,'059','Nuevo Urecho',CONVERT(datetime,'01/01/2022',103),NULL,'I'),
(1270,20,'059','Miahuatlán de Porfirio Díaz',CONVERT(datetime,'01/01/2022',103),NULL,'I'),
(1271,21,'059','Chinantla',CONVERT(datetime,'01/01/2022',103),NULL,'I'),
(1272,26,'059','Santa Cruz',CONVERT(datetime,'01/01/2022',103),NULL,'I'),
(1273,29,'059','Santa Cruz Quilehtla',CONVERT(datetime,'01/01/2022',103),NULL,'I'),
(1274,30,'059','Chinameca',CONVERT(datetime,'01/01/2022',103),NULL,'I'),
(1275,31,'059','Progreso',CONVERT(datetime,'01/01/2022',103),NULL,'I'),
(1276,6,'060','Santa Bárbara',CONVERT(datetime,'01/01/2022',103),NULL,'I'),
(1277,5,'060','Ocotepec',CONVERT(datetime,'01/01/2022',103),NULL,'I'),
(1278,12,'060','Tetipac',CONVERT(datetime,'01/01/2022',103),NULL,'I'),
(1279,13,'060','Tenango de Doria',CONVERT(datetime,'01/01/2022',103),NULL,'I'),
(1280,14,'060','Mexticacán',CONVERT(datetime,'01/01/2022',103),NULL,'I'),
(1281,15,'060','Nicolás Romero',CONVERT(datetime,'01/01/2022',103),NULL,'I'),
(1282,16,'060','Numarán',CONVERT(datetime,'01/01/2022',103),NULL,'I'),
(1283,20,'060','Mixistlán de la Reforma',CONVERT(datetime,'01/01/2022',103),NULL,'I'),
(1284,21,'060','Domingo Arenas',CONVERT(datetime,'01/01/2022',103),NULL,'I'),
(1285,26,'060','Sáric',CONVERT(datetime,'01/01/2022',103),NULL,'I'),
(1286,29,'060','Santa Isabel Xiloxoxtla',CONVERT(datetime,'01/01/2022',103),NULL,'I'),
(1287,30,'060','Chinampa de Gorostiza',CONVERT(datetime,'01/01/2022',103),NULL,'I'),
(1288,31,'060','Quintana Roo',CONVERT(datetime,'01/01/2022',103),NULL,'I'),
(1289,6,'061','Satevó',CONVERT(datetime,'01/01/2022',103),NULL,'I'),
(1290,5,'061','Ocozocoautla de Espinosa',CONVERT(datetime,'01/01/2022',103),NULL,'I'),
(1291,12,'061','Tixtla de Guerrero',CONVERT(datetime,'01/01/2022',103),NULL,'I'),
(1292,13,'061','Tepeapulco',CONVERT(datetime,'01/01/2022',103),NULL,'I'),
(1293,14,'061','Mezquitic',CONVERT(datetime,'01/01/2022',103),NULL,'I'),
(1294,15,'061','Nopaltepec',CONVERT(datetime,'01/01/2022',103),NULL,'I'),
(1295,16,'061','Ocampo',CONVERT(datetime,'01/01/2022',103),NULL,'I'),
(1296,20,'061','Monjas',CONVERT(datetime,'01/01/2022',103),NULL,'I'),
(1297,21,'061','Eloxochitlán',CONVERT(datetime,'01/01/2022',103),NULL,'I'),
(1298,26,'061','Soyopa',CONVERT(datetime,'01/01/2022',103),NULL,'I'),
(1299,30,'061','Las Choapas',CONVERT(datetime,'01/01/2022',103),NULL,'I'),
(1300,31,'061','Río Lagartos',CONVERT(datetime,'01/01/2022',103),NULL,'I'),
(1301,6,'062','Saucillo',CONVERT(datetime,'01/01/2022',103),NULL,'I'),
(1302,5,'062','Ostuacán',CONVERT(datetime,'01/01/2022',103),NULL,'I'),
(1303,12,'062','Tlacoachistlahuaca',CONVERT(datetime,'01/01/2022',103),NULL,'I'),
(1304,13,'062','Tepehuacán de Guerrero',CONVERT(datetime,'01/01/2022',103),NULL,'I'),
(1305,14,'062','Mixtlán',CONVERT(datetime,'01/01/2022',103),NULL,'I'),
(1306,15,'062','Ocoyoacac',CONVERT(datetime,'01/01/2022',103),NULL,'I'),
(1307,16,'062','Pajacuarán',CONVERT(datetime,'01/01/2022',103),NULL,'I'),
(1308,20,'062','Natividad',CONVERT(datetime,'01/01/2022',103),NULL,'I'),
(1309,21,'062','Epatlán',CONVERT(datetime,'01/01/2022',103),NULL,'I'),
(1310,26,'062','Suaqui Grande',CONVERT(datetime,'01/01/2022',103),NULL,'I'),
(1311,30,'062','Chocamán',CONVERT(datetime,'01/01/2022',103),NULL,'I'),
(1312,31,'062','Sacalum',CONVERT(datetime,'01/01/2022',103),NULL,'I'),
(1313,6,'063','Temósachic',CONVERT(datetime,'01/01/2022',103),NULL,'I'),
(1314,5,'063','Osumacinta',CONVERT(datetime,'01/01/2022',103),NULL,'I'),
(1315,12,'063','Tlacoapa',CONVERT(datetime,'01/01/2022',103),NULL,'I'),
(1316,13,'063','Tepeji del Río de Ocampo',CONVERT(datetime,'01/01/2022',103),NULL,'I'),
(1317,14,'063','Ocotlán',CONVERT(datetime,'01/01/2022',103),NULL,'I'),
(1318,15,'063','Ocuilan',CONVERT(datetime,'01/01/2022',103),NULL,'I'),
(1319,16,'063','Panindícuaro',CONVERT(datetime,'01/01/2022',103),NULL,'I'),
(1320,20,'063','Nazareno Etla',CONVERT(datetime,'01/01/2022',103),NULL,'I'),
(1321,21,'063','Esperanza',CONVERT(datetime,'01/01/2022',103),NULL,'I'),
(1322,26,'063','Tepache',CONVERT(datetime,'01/01/2022',103),NULL,'I'),
(1323,30,'063','Chontla',CONVERT(datetime,'01/01/2022',103),NULL,'I'),
(1324,31,'063','Samahil',CONVERT(datetime,'01/01/2022',103),NULL,'I'),
(1325,6,'064','El Tule',CONVERT(datetime,'01/01/2022',103),NULL,'I'),
(1326,5,'064','Oxchuc',CONVERT(datetime,'01/01/2022',103),NULL,'I'),
(1327,12,'064','Tlalchapa',CONVERT(datetime,'01/01/2022',103),NULL,'I'),
(1328,13,'064','Tepetitlán',CONVERT(datetime,'01/01/2022',103),NULL,'I'),
(1329,14,'064','Ojuelos de Jalisco',CONVERT(datetime,'01/01/2022',103),NULL,'I'),
(1330,15,'064','El Oro',CONVERT(datetime,'01/01/2022',103),NULL,'I'),
(1331,16,'064','Parácuaro',CONVERT(datetime,'01/01/2022',103),NULL,'I'),
(1332,20,'064','Nejapa de Madero',CONVERT(datetime,'01/01/2022',103),NULL,'I'),
(1333,21,'064','Francisco Z. Mena',CONVERT(datetime,'01/01/2022',103),NULL,'I'),
(1334,26,'064','Trincheras',CONVERT(datetime,'01/01/2022',103),NULL,'I'),
(1335,30,'064','Chumatlán',CONVERT(datetime,'01/01/2022',103),NULL,'I'),
(1336,31,'064','Sanahcat',CONVERT(datetime,'01/01/2022',103),NULL,'I'),
(1337,6,'065','Urique',CONVERT(datetime,'01/01/2022',103),NULL,'I'),
(1338,5,'065','Palenque',CONVERT(datetime,'01/01/2022',103),NULL,'I'),
(1339,12,'065','Tlalixtaquilla de Maldonado',CONVERT(datetime,'01/01/2022',103),NULL,'I'),
(1340,13,'065','Tetepango',CONVERT(datetime,'01/01/2022',103),NULL,'I'),
(1341,14,'065','Pihuamo',CONVERT(datetime,'01/01/2022',103),NULL,'I'),
(1342,15,'065','Otumba',CONVERT(datetime,'01/01/2022',103),NULL,'I'),
(1343,16,'065','Paracho',CONVERT(datetime,'01/01/2022',103),NULL,'I'),
(1344,20,'065','Ixpantepec Nieves',CONVERT(datetime,'01/01/2022',103),NULL,'I'),
(1345,21,'065','General Felipe Ángeles',CONVERT(datetime,'01/01/2022',103),NULL,'I'),
(1346,26,'065','Tubutama',CONVERT(datetime,'01/01/2022',103),NULL,'I'),
(1347,30,'065','Emiliano Zapata',CONVERT(datetime,'01/01/2022',103),NULL,'I'),
(1348,31,'065','San Felipe',CONVERT(datetime,'01/01/2022',103),NULL,'I'),
(1349,6,'066','Uruachi',CONVERT(datetime,'01/01/2022',103),NULL,'I'),
(1350,5,'066','Pantelhó',CONVERT(datetime,'01/01/2022',103),NULL,'I'),
(1351,12,'066','Tlapa de Comonfort',CONVERT(datetime,'01/01/2022',103),NULL,'I'),
(1352,13,'066','Villa de Tezontepec',CONVERT(datetime,'01/01/2022',103),NULL,'I'),
(1353,14,'066','Poncitlán',CONVERT(datetime,'01/01/2022',103),NULL,'I'),
(1354,15,'066','Otzoloapan',CONVERT(datetime,'01/01/2022',103),NULL,'I'),
(1355,16,'066','Pátzcuaro',CONVERT(datetime,'01/01/2022',103),NULL,'I'),
(1356,20,'066','Santiago Niltepec',CONVERT(datetime,'01/01/2022',103),NULL,'I'),
(1357,21,'066','Guadalupe',CONVERT(datetime,'01/01/2022',103),NULL,'I'),
(1358,26,'066','Ures',CONVERT(datetime,'01/01/2022',103),NULL,'I'),
(1359,30,'066','Espinal',CONVERT(datetime,'01/01/2022',103),NULL,'I'),
(1360,31,'066','Santa Elena',CONVERT(datetime,'01/01/2022',103),NULL,'I'),
(1361,6,'067','Valle de Zaragoza',CONVERT(datetime,'01/01/2022',103),NULL,'I'),
(1362,5,'067','Pantepec',CONVERT(datetime,'01/01/2022',103),NULL,'I'),
(1363,12,'067','Tlapehuala',CONVERT(datetime,'01/01/2022',103),NULL,'I'),
(1364,13,'067','Tezontepec de Aldama',CONVERT(datetime,'01/01/2022',103),NULL,'I'),
(1365,14,'067','Puerto Vallarta',CONVERT(datetime,'01/01/2022',103),NULL,'I'),
(1366,15,'067','Otzolotepec',CONVERT(datetime,'01/01/2022',103),NULL,'I'),
(1367,16,'067','Penjamillo',CONVERT(datetime,'01/01/2022',103),NULL,'I'),
(1368,20,'067','Oaxaca de Juárez',CONVERT(datetime,'01/01/2022',103),NULL,'I'),
(1369,21,'067','Guadalupe Victoria',CONVERT(datetime,'01/01/2022',103),NULL,'I'),
(1370,26,'067','Villa Hidalgo',CONVERT(datetime,'01/01/2022',103),NULL,'I'),
(1371,30,'067','Filomeno Mata',CONVERT(datetime,'01/01/2022',103),NULL,'I'),
(1372,31,'067','Seyé',CONVERT(datetime,'01/01/2022',103),NULL,'I'),
(1373,5,'068','Pichucalco',CONVERT(datetime,'01/01/2022',103),NULL,'I'),
(1374,12,'068','La Unión de Isidoro Montes de Oca',CONVERT(datetime,'01/01/2022',103),NULL,'I'),
(1375,13,'068','Tianguistengo',CONVERT(datetime,'01/01/2022',103),NULL,'I'),
(1376,14,'068','Villa Purificación',CONVERT(datetime,'01/01/2022',103),NULL,'I'),
(1377,15,'068','Ozumba',CONVERT(datetime,'01/01/2022',103),NULL,'I'),
(1378,16,'068','Peribán',CONVERT(datetime,'01/01/2022',103),NULL,'I'),
(1379,20,'068','Ocotlán de Morelos',CONVERT(datetime,'01/01/2022',103),NULL,'I'),
(1380,21,'068','Hermenegildo Galeana',CONVERT(datetime,'01/01/2022',103),NULL,'I'),
(1381,26,'068','Villa Pesqueira',CONVERT(datetime,'01/01/2022',103),NULL,'I'),
(1382,30,'068','Fortín',CONVERT(datetime,'01/01/2022',103),NULL,'I'),
(1383,31,'068','Sinanché',CONVERT(datetime,'01/01/2022',103),NULL,'I'),
(1384,5,'069','Pijijiapan',CONVERT(datetime,'01/01/2022',103),NULL,'I'),
(1385,12,'069','Xalpatláhuac',CONVERT(datetime,'01/01/2022',103),NULL,'I'),
(1386,13,'069','Tizayuca',CONVERT(datetime,'01/01/2022',103),NULL,'I'),
(1387,14,'069','Quitupan',CONVERT(datetime,'01/01/2022',103),NULL,'I'),
(1388,15,'069','Papalotla',CONVERT(datetime,'01/01/2022',103),NULL,'I'),
(1389,16,'069','La Piedad',CONVERT(datetime,'01/01/2022',103),NULL,'I'),
(1390,20,'069','La Pe',CONVERT(datetime,'01/01/2022',103),NULL,'I'),
(1391,21,'069','Huaquechula',CONVERT(datetime,'01/01/2022',103),NULL,'I'),
(1392,26,'069','Yécora',CONVERT(datetime,'01/01/2022',103),NULL,'I'),
(1393,30,'069','Gutiérrez Zamora',CONVERT(datetime,'01/01/2022',103),NULL,'I'),
(1394,31,'069','Sotuta',CONVERT(datetime,'01/01/2022',103),NULL,'I'),
(1395,5,'070','El Porvenir',CONVERT(datetime,'01/01/2022',103),NULL,'I'),
(1396,12,'070','Xochihuehuetlán',CONVERT(datetime,'01/01/2022',103),NULL,'I'),
(1397,13,'070','Tlahuelilpan',CONVERT(datetime,'01/01/2022',103),NULL,'I'),
(1398,14,'070','El Salto',CONVERT(datetime,'01/01/2022',103),NULL,'I'),
(1399,15,'070','La Paz',CONVERT(datetime,'01/01/2022',103),NULL,'I'),
(1400,16,'070','Purépero',CONVERT(datetime,'01/01/2022',103),NULL,'I'),
(1401,20,'070','Pinotepa de Don Luis',CONVERT(datetime,'01/01/2022',103),NULL,'I'),
(1402,21,'070','Huatlatlauca',CONVERT(datetime,'01/01/2022',103),NULL,'I'),
(1403,26,'070','General Plutarco Elías Calles',CONVERT(datetime,'01/01/2022',103),NULL,'I'),
(1404,30,'070','Hidalgotitlán',CONVERT(datetime,'01/01/2022',103),NULL,'I'),
(1405,31,'070','Sucilá',CONVERT(datetime,'01/01/2022',103),NULL,'I'),
(1406,5,'071','Villa Comaltitlán',CONVERT(datetime,'01/01/2022',103),NULL,'I'),
(1407,12,'071','Xochistlahuaca',CONVERT(datetime,'01/01/2022',103),NULL,'I'),
(1408,13,'071','Tlahuiltepa',CONVERT(datetime,'01/01/2022',103),NULL,'I'),
(1409,14,'071','San Cristóbal de la Barranca',CONVERT(datetime,'01/01/2022',103),NULL,'I'),
(1410,15,'071','Polotitlán',CONVERT(datetime,'01/01/2022',103),NULL,'I'),
(1411,16,'071','Puruándiro',CONVERT(datetime,'01/01/2022',103),NULL,'I'),
(1412,20,'071','Pluma Hidalgo',CONVERT(datetime,'01/01/2022',103),NULL,'I'),
(1413,21,'071','Huauchinango',CONVERT(datetime,'01/01/2022',103),NULL,'I'),
(1414,26,'071','Benito Juárez',CONVERT(datetime,'01/01/2022',103),NULL,'I'),
(1415,30,'071','Huatusco',CONVERT(datetime,'01/01/2022',103),NULL,'I'),
(1416,31,'071','Sudzal',CONVERT(datetime,'01/01/2022',103),NULL,'I'),
(1417,5,'072','Pueblo Nuevo Solistahuacán',CONVERT(datetime,'01/01/2022',103),NULL,'I'),
(1418,12,'072','Zapotitlán Tablas',CONVERT(datetime,'01/01/2022',103),NULL,'I'),
(1419,13,'072','Tlanalapa',CONVERT(datetime,'01/01/2022',103),NULL,'I'),
(1420,14,'072','San Diego de Alejandría',CONVERT(datetime,'01/01/2022',103),NULL,'I'),
(1421,15,'072','Rayón',CONVERT(datetime,'01/01/2022',103),NULL,'I'),
(1422,16,'072','Queréndaro',CONVERT(datetime,'01/01/2022',103),NULL,'I'),
(1423,20,'072','San José del Progreso',CONVERT(datetime,'01/01/2022',103),NULL,'I'),
(1424,21,'072','Huehuetla',CONVERT(datetime,'01/01/2022',103),NULL,'I'),
(1425,26,'072','San Ignacio Río Muerto',CONVERT(datetime,'01/01/2022',103),NULL,'I'),
(1426,30,'072','Huayacocotla',CONVERT(datetime,'01/01/2022',103),NULL,'I'),
(1427,31,'072','Suma',CONVERT(datetime,'01/01/2022',103),NULL,'I'),
(1428,5,'073','Rayón',CONVERT(datetime,'01/01/2022',103),NULL,'I'),
(1429,12,'073','Zirándaro',CONVERT(datetime,'01/01/2022',103),NULL,'I'),
(1430,13,'073','Tlanchinol',CONVERT(datetime,'01/01/2022',103),NULL,'I'),
(1431,14,'073','San Juan de los Lagos',CONVERT(datetime,'01/01/2022',103),NULL,'I'),
(1432,15,'073','San Antonio la Isla',CONVERT(datetime,'01/01/2022',103),NULL,'I'),
(1433,16,'073','Quiroga',CONVERT(datetime,'01/01/2022',103),NULL,'I'),
(1434,20,'073','Putla Villa de Guerrero',CONVERT(datetime,'01/01/2022',103),NULL,'I'),
(1435,21,'073','Huehuetlán el Chico',CONVERT(datetime,'01/01/2022',103),NULL,'I'),
(1436,30,'073','Hueyapan de Ocampo',CONVERT(datetime,'01/01/2022',103),NULL,'I'),
(1437,31,'073','Tahdziú',CONVERT(datetime,'01/01/2022',103),NULL,'I'),
(1438,5,'074','Reforma',CONVERT(datetime,'01/01/2022',103),NULL,'I'),
(1439,12,'074','Zitlala',CONVERT(datetime,'01/01/2022',103),NULL,'I'),
(1440,13,'074','Tlaxcoapan',CONVERT(datetime,'01/01/2022',103),NULL,'I'),
(1441,14,'074','San Julián',CONVERT(datetime,'01/01/2022',103),NULL,'I'),
(1442,15,'074','San Felipe del Progreso',CONVERT(datetime,'01/01/2022',103),NULL,'I'),
(1443,16,'074','Cojumatlán de Régules',CONVERT(datetime,'01/01/2022',103),NULL,'I'),
(1444,20,'074','Santa Catarina Quioquitani',CONVERT(datetime,'01/01/2022',103),NULL,'I'),
(1445,21,'074','Huejotzingo',CONVERT(datetime,'01/01/2022',103),NULL,'I'),
(1446,30,'074','Huiloapan de Cuauhtémoc',CONVERT(datetime,'01/01/2022',103),NULL,'I'),
(1447,31,'074','Tahmek',CONVERT(datetime,'01/01/2022',103),NULL,'I'),
(1448,5,'075','Las Rosas',CONVERT(datetime,'01/01/2022',103),NULL,'I'),
(1449,12,'075','Eduardo Neri',CONVERT(datetime,'01/01/2022',103),NULL,'I'),
(1450,13,'075','Tolcayuca',CONVERT(datetime,'01/01/2022',103),NULL,'I'),
(1451,14,'075','San Marcos',CONVERT(datetime,'01/01/2022',103),NULL,'I'),
(1452,15,'075','San Martín de las Pirámides',CONVERT(datetime,'01/01/2022',103),NULL,'I'),
(1453,16,'075','Los Reyes',CONVERT(datetime,'01/01/2022',103),NULL,'I'),
(1454,20,'075','Reforma de Pineda',CONVERT(datetime,'01/01/2022',103),NULL,'I'),
(1455,21,'075','Hueyapan',CONVERT(datetime,'01/01/2022',103),NULL,'I'),
(1456,30,'075','Ignacio de la Llave',CONVERT(datetime,'01/01/2022',103),NULL,'I'),
(1457,31,'075','Teabo',CONVERT(datetime,'01/01/2022',103),NULL,'I'),
(1458,5,'076','Sabanilla',CONVERT(datetime,'01/01/2022',103),NULL,'I'),
(1459,12,'076','Acatepec',CONVERT(datetime,'01/01/2022',103),NULL,'I'),
(1460,13,'076','Tula de Allende',CONVERT(datetime,'01/01/2022',103),NULL,'I'),
(1461,14,'076','San Martín de Bolaños',CONVERT(datetime,'01/01/2022',103),NULL,'I'),
(1462,15,'076','San Mateo Atenco',CONVERT(datetime,'01/01/2022',103),NULL,'I'),
(1463,16,'076','Sahuayo',CONVERT(datetime,'01/01/2022',103),NULL,'I'),
(1464,20,'076','La Reforma',CONVERT(datetime,'01/01/2022',103),NULL,'I'),
(1465,21,'076','Hueytamalco',CONVERT(datetime,'01/01/2022',103),NULL,'I'),
(1466,30,'076','Ilamatlán',CONVERT(datetime,'01/01/2022',103),NULL,'I'),
(1467,31,'076','Tecoh',CONVERT(datetime,'01/01/2022',103),NULL,'I'),
(1468,5,'077','Salto de Agua',CONVERT(datetime,'01/01/2022',103),NULL,'I'),
(1469,12,'077','Marquelia',CONVERT(datetime,'01/01/2022',103),NULL,'I'),
(1470,13,'077','Tulancingo de Bravo',CONVERT(datetime,'01/01/2022',103),NULL,'I'),
(1471,14,'077','San Martín Hidalgo',CONVERT(datetime,'01/01/2022',103),NULL,'I'),
(1472,15,'077','San Simón de Guerrero',CONVERT(datetime,'01/01/2022',103),NULL,'I'),
(1473,16,'077','San Lucas',CONVERT(datetime,'01/01/2022',103),NULL,'I'),
(1474,20,'077','Reyes Etla',CONVERT(datetime,'01/01/2022',103),NULL,'I'),
(1475,21,'077','Hueytlalpan',CONVERT(datetime,'01/01/2022',103),NULL,'I'),
(1476,30,'077','Isla',CONVERT(datetime,'01/01/2022',103),NULL,'I'),
(1477,31,'077','Tekal de Venegas',CONVERT(datetime,'01/01/2022',103),NULL,'I'),
(1478,5,'078','San Cristóbal de las Casas',CONVERT(datetime,'01/01/2022',103),NULL,'I'),
(1479,12,'078','Cochoapa el Grande',CONVERT(datetime,'01/01/2022',103),NULL,'I'),
(1480,13,'078','Xochiatipan',CONVERT(datetime,'01/01/2022',103),NULL,'I'),
(1481,14,'078','San Miguel el Alto',CONVERT(datetime,'01/01/2022',103),NULL,'I'),
(1482,15,'078','Santo Tomás',CONVERT(datetime,'01/01/2022',103),NULL,'I'),
(1483,16,'078','Santa Ana Maya',CONVERT(datetime,'01/01/2022',103),NULL,'I'),
(1484,20,'078','Rojas de Cuauhtémoc',CONVERT(datetime,'01/01/2022',103),NULL,'I'),
(1485,21,'078','Huitzilan de Serdán',CONVERT(datetime,'01/01/2022',103),NULL,'I'),
(1486,30,'078','Ixcatepec',CONVERT(datetime,'01/01/2022',103),NULL,'I'),
(1487,31,'078','Tekantó',CONVERT(datetime,'01/01/2022',103),NULL,'I'),
(1488,5,'079','San Fernando',CONVERT(datetime,'01/01/2022',103),NULL,'I'),
(1489,12,'079','José Joaquín de Herrera',CONVERT(datetime,'01/01/2022',103),NULL,'I'),
(1490,13,'079','Xochicoatlán',CONVERT(datetime,'01/01/2022',103),NULL,'I'),
(1491,14,'079','Gómez Farías',CONVERT(datetime,'01/01/2022',103),NULL,'I'),
(1492,15,'079','Soyaniquilpan de Juárez',CONVERT(datetime,'01/01/2022',103),NULL,'I'),
(1493,16,'079','Salvador Escalante',CONVERT(datetime,'01/01/2022',103),NULL,'I'),
(1494,20,'079','Salina Cruz',CONVERT(datetime,'01/01/2022',103),NULL,'I'),
(1495,21,'079','Huitziltepec',CONVERT(datetime,'01/01/2022',103),NULL,'I'),
(1496,30,'079','Ixhuacán de los Reyes',CONVERT(datetime,'01/01/2022',103),NULL,'I'),
(1497,31,'079','Tekax',CONVERT(datetime,'01/01/2022',103),NULL,'I'),
(1498,5,'080','Siltepec',CONVERT(datetime,'01/01/2022',103),NULL,'I'),
(1499,12,'080','Juchitán',CONVERT(datetime,'01/01/2022',103),NULL,'I'),
(1500,13,'080','Yahualica',CONVERT(datetime,'01/01/2022',103),NULL,'I'),
(1501,14,'080','San Sebastián del Oeste',CONVERT(datetime,'01/01/2022',103),NULL,'I'),
(1502,15,'080','Sultepec',CONVERT(datetime,'01/01/2022',103),NULL,'I'),
(1503,16,'080','Senguio',CONVERT(datetime,'01/01/2022',103),NULL,'I'),
(1504,20,'080','San Agustín Amatengo',CONVERT(datetime,'01/01/2022',103),NULL,'I'),
(1505,21,'080','Atlequizayan',CONVERT(datetime,'01/01/2022',103),NULL,'I'),
(1506,30,'080','Ixhuatlán del Café',CONVERT(datetime,'01/01/2022',103),NULL,'I'),
(1507,31,'080','Tekit',CONVERT(datetime,'01/01/2022',103),NULL,'I'),
(1508,5,'081','Simojovel',CONVERT(datetime,'01/01/2022',103),NULL,'I'),
(1509,12,'081','Iliatenco',CONVERT(datetime,'01/01/2022',103),NULL,'I'),
(1510,13,'081','Zacualtipán de Ángeles',CONVERT(datetime,'01/01/2022',103),NULL,'I'),
(1511,14,'081','Santa María de los Ángeles',CONVERT(datetime,'01/01/2022',103),NULL,'I'),
(1512,15,'081','Tecámac',CONVERT(datetime,'01/01/2022',103),NULL,'I'),
(1513,16,'081','Susupuato',CONVERT(datetime,'01/01/2022',103),NULL,'I'),
(1514,20,'081','San Agustín Atenango',CONVERT(datetime,'01/01/2022',103),NULL,'I'),
(1515,21,'081','Ixcamilpa de Guerrero',CONVERT(datetime,'01/01/2022',103),NULL,'I'),
(1516,30,'081','Ixhuatlancillo',CONVERT(datetime,'01/01/2022',103),NULL,'I'),
(1517,31,'081','Tekom',CONVERT(datetime,'01/01/2022',103),NULL,'I'),
(1518,5,'082','Sitalá',CONVERT(datetime,'01/01/2022',103),NULL,'I'),
(1519,13,'082','Zapotlán de Juárez',CONVERT(datetime,'01/01/2022',103),NULL,'I'),
(1520,14,'082','Sayula',CONVERT(datetime,'01/01/2022',103),NULL,'I'),
(1521,15,'082','Tejupilco',CONVERT(datetime,'01/01/2022',103),NULL,'I'),
(1522,16,'082','Tacámbaro',CONVERT(datetime,'01/01/2022',103),NULL,'I'),
(1523,20,'082','San Agustín Chayuco',CONVERT(datetime,'01/01/2022',103),NULL,'I'),
(1524,21,'082','Ixcaquixtla',CONVERT(datetime,'01/01/2022',103),NULL,'I'),
(1525,30,'082','Ixhuatlán del Sureste',CONVERT(datetime,'01/01/2022',103),NULL,'I'),
(1526,31,'082','Telchac Pueblo',CONVERT(datetime,'01/01/2022',103),NULL,'I'),
(1527,5,'083','Socoltenango',CONVERT(datetime,'01/01/2022',103),NULL,'I'),
(1528,13,'083','Zempoala',CONVERT(datetime,'01/01/2022',103),NULL,'I'),
(1529,14,'083','Tala',CONVERT(datetime,'01/01/2022',103),NULL,'I'),
(1530,15,'083','Temamatla',CONVERT(datetime,'01/01/2022',103),NULL,'I'),
(1531,16,'083','Tancítaro',CONVERT(datetime,'01/01/2022',103),NULL,'I'),
(1532,20,'083','San Agustín de las Juntas',CONVERT(datetime,'01/01/2022',103),NULL,'I'),
(1533,21,'083','Ixtacamaxtitlán',CONVERT(datetime,'01/01/2022',103),NULL,'I'),
(1534,30,'083','Ixhuatlán de Madero',CONVERT(datetime,'01/01/2022',103),NULL,'I'),
(1535,31,'083','Telchac Puerto',CONVERT(datetime,'01/01/2022',103),NULL,'I'),
(1536,5,'084','Solosuchiapa',CONVERT(datetime,'01/01/2022',103),NULL,'I'),
(1537,13,'084','Zimapán',CONVERT(datetime,'01/01/2022',103),NULL,'I'),
(1538,14,'084','Talpa de Allende',CONVERT(datetime,'01/01/2022',103),NULL,'I'),
(1539,15,'084','Temascalapa',CONVERT(datetime,'01/01/2022',103),NULL,'I'),
(1540,16,'084','Tangamandapio',CONVERT(datetime,'01/01/2022',103),NULL,'I'),
(1541,20,'084','San Agustín Etla',CONVERT(datetime,'01/01/2022',103),NULL,'I'),
(1542,21,'084','Ixtepec',CONVERT(datetime,'01/01/2022',103),NULL,'I'),
(1543,30,'084','Ixmatlahuacan',CONVERT(datetime,'01/01/2022',103),NULL,'I'),
(1544,31,'084','Temax',CONVERT(datetime,'01/01/2022',103),NULL,'I'),
(1545,5,'085','Soyaló',CONVERT(datetime,'01/01/2022',103),NULL,'I'),
(1546,14,'085','Tamazula de Gordiano',CONVERT(datetime,'01/01/2022',103),NULL,'I'),
(1547,15,'085','Temascalcingo',CONVERT(datetime,'01/01/2022',103),NULL,'I'),
(1548,16,'085','Tangancícuaro',CONVERT(datetime,'01/01/2022',103),NULL,'I'),
(1549,20,'085','San Agustín Loxicha',CONVERT(datetime,'01/01/2022',103),NULL,'I'),
(1550,21,'085','Izúcar de Matamoros',CONVERT(datetime,'01/01/2022',103),NULL,'I'),
(1551,30,'085','Ixtaczoquitlán',CONVERT(datetime,'01/01/2022',103),NULL,'I'),
(1552,31,'085','Temozón',CONVERT(datetime,'01/01/2022',103),NULL,'I'),
(1553,5,'086','Suchiapa',CONVERT(datetime,'01/01/2022',103),NULL,'I'),
(1554,14,'086','Tapalpa',CONVERT(datetime,'01/01/2022',103),NULL,'I'),
(1555,15,'086','Temascaltepec',CONVERT(datetime,'01/01/2022',103),NULL,'I'),
(1556,16,'086','Tanhuato',CONVERT(datetime,'01/01/2022',103),NULL,'I'),
(1557,20,'086','San Agustín Tlacotepec',CONVERT(datetime,'01/01/2022',103),NULL,'I'),
(1558,21,'086','Jalpan',CONVERT(datetime,'01/01/2022',103),NULL,'I'),
(1559,30,'086','Jalacingo',CONVERT(datetime,'01/01/2022',103),NULL,'I'),
(1560,31,'086','Tepakán',CONVERT(datetime,'01/01/2022',103),NULL,'I'),
(1561,5,'087','Suchiate',CONVERT(datetime,'01/01/2022',103),NULL,'I'),
(1562,14,'087','Tecalitlán',CONVERT(datetime,'01/01/2022',103),NULL,'I'),
(1563,15,'087','Temoaya',CONVERT(datetime,'01/01/2022',103),NULL,'I'),
(1564,16,'087','Taretan',CONVERT(datetime,'01/01/2022',103),NULL,'I'),
(1565,20,'087','San Agustín Yatareni',CONVERT(datetime,'01/01/2022',103),NULL,'I'),
(1566,21,'087','Jolalpan',CONVERT(datetime,'01/01/2022',103),NULL,'I'),
(1567,30,'087','Xalapa',CONVERT(datetime,'01/01/2022',103),NULL,'I'),
(1568,31,'087','Tetiz',CONVERT(datetime,'01/01/2022',103),NULL,'I'),
(1569,5,'088','Sunuapa',CONVERT(datetime,'01/01/2022',103),NULL,'I'),
(1570,14,'088','Tecolotlán',CONVERT(datetime,'01/01/2022',103),NULL,'I'),
(1571,15,'088','Tenancingo',CONVERT(datetime,'01/01/2022',103),NULL,'I'),
(1572,16,'088','Tarímbaro',CONVERT(datetime,'01/01/2022',103),NULL,'I'),
(1573,20,'088','San Andrés Cabecera Nueva',CONVERT(datetime,'01/01/2022',103),NULL,'I'),
(1574,21,'088','Jonotla',CONVERT(datetime,'01/01/2022',103),NULL,'I'),
(1575,30,'088','Jalcomulco',CONVERT(datetime,'01/01/2022',103),NULL,'I'),
(1576,31,'088','Teya',CONVERT(datetime,'01/01/2022',103),NULL,'I'),
(1577,5,'089','Tapachula',CONVERT(datetime,'01/01/2022',103),NULL,'I'),
(1578,14,'089','Techaluta de Montenegro',CONVERT(datetime,'01/01/2022',103),NULL,'I'),
(1579,15,'089','Tenango del Aire',CONVERT(datetime,'01/01/2022',103),NULL,'I'),
(1580,16,'089','Tepalcatepec',CONVERT(datetime,'01/01/2022',103),NULL,'I'),
(1581,20,'089','San Andrés Dinicuiti',CONVERT(datetime,'01/01/2022',103),NULL,'I'),
(1582,21,'089','Jopala',CONVERT(datetime,'01/01/2022',103),NULL,'I'),
(1583,30,'089','Jáltipan',CONVERT(datetime,'01/01/2022',103),NULL,'I'),
(1584,31,'089','Ticul',CONVERT(datetime,'01/01/2022',103),NULL,'I'),
(1585,5,'090','Tapalapa',CONVERT(datetime,'01/01/2022',103),NULL,'I'),
(1586,14,'090','Tenamaxtlán',CONVERT(datetime,'01/01/2022',103),NULL,'I'),
(1587,15,'090','Tenango del Valle',CONVERT(datetime,'01/01/2022',103),NULL,'I'),
(1588,16,'090','Tingambato',CONVERT(datetime,'01/01/2022',103),NULL,'I'),
(1589,20,'090','San Andrés Huaxpaltepec',CONVERT(datetime,'01/01/2022',103),NULL,'I'),
(1590,21,'090','Juan C. Bonilla',CONVERT(datetime,'01/01/2022',103),NULL,'I'),
(1591,30,'090','Jamapa',CONVERT(datetime,'01/01/2022',103),NULL,'I'),
(1592,31,'090','Timucuy',CONVERT(datetime,'01/01/2022',103),NULL,'I'),
(1593,5,'091','Tapilula',CONVERT(datetime,'01/01/2022',103),NULL,'I'),
(1594,14,'091','Teocaltiche',CONVERT(datetime,'01/01/2022',103),NULL,'I'),
(1595,15,'091','Teoloyucan',CONVERT(datetime,'01/01/2022',103),NULL,'I'),
(1596,16,'091','Tingüindín',CONVERT(datetime,'01/01/2022',103),NULL,'I'),
(1597,20,'091','San Andrés Huayápam',CONVERT(datetime,'01/01/2022',103),NULL,'I'),
(1598,21,'091','Juan Galindo',CONVERT(datetime,'01/01/2022',103),NULL,'I'),
(1599,30,'091','Jesús Carranza',CONVERT(datetime,'01/01/2022',103),NULL,'I'),
(1600,31,'091','Tinum',CONVERT(datetime,'01/01/2022',103),NULL,'I'),
(1601,5,'092','Tecpatán',CONVERT(datetime,'01/01/2022',103),NULL,'I'),
(1602,14,'092','Teocuitatlán de Corona',CONVERT(datetime,'01/01/2022',103),NULL,'I'),
(1603,15,'092','Teotihuacán',CONVERT(datetime,'01/01/2022',103),NULL,'I'),
(1604,16,'092','Tiquicheo de Nicolás Romero',CONVERT(datetime,'01/01/2022',103),NULL,'I'),
(1605,20,'092','San Andrés Ixtlahuaca',CONVERT(datetime,'01/01/2022',103),NULL,'I'),
(1606,21,'092','Juan N. Méndez',CONVERT(datetime,'01/01/2022',103),NULL,'I'),
(1607,30,'092','Xico',CONVERT(datetime,'01/01/2022',103),NULL,'I'),
(1608,31,'092','Tixcacalcupul',CONVERT(datetime,'01/01/2022',103),NULL,'I'),
(1609,5,'093','Tenejapa',CONVERT(datetime,'01/01/2022',103),NULL,'I'),
(1610,14,'093','Tepatitlán de Morelos',CONVERT(datetime,'01/01/2022',103),NULL,'I'),
(1611,15,'093','Tepetlaoxtoc',CONVERT(datetime,'01/01/2022',103),NULL,'I'),
(1612,16,'093','Tlalpujahua',CONVERT(datetime,'01/01/2022',103),NULL,'I'),
(1613,20,'093','San Andrés Lagunas',CONVERT(datetime,'01/01/2022',103),NULL,'I'),
(1614,21,'093','Lafragua',CONVERT(datetime,'01/01/2022',103),NULL,'I'),
(1615,30,'093','Jilotepec',CONVERT(datetime,'01/01/2022',103),NULL,'I'),
(1616,31,'093','Tixkokob',CONVERT(datetime,'01/01/2022',103),NULL,'I'),
(1617,5,'094','Teopisca',CONVERT(datetime,'01/01/2022',103),NULL,'I'),
(1618,14,'094','Tequila',CONVERT(datetime,'01/01/2022',103),NULL,'I'),
(1619,15,'094','Tepetlixpa',CONVERT(datetime,'01/01/2022',103),NULL,'I'),
(1620,16,'094','Tlazazalca',CONVERT(datetime,'01/01/2022',103),NULL,'I'),
(1621,20,'094','San Andrés Nuxiño',CONVERT(datetime,'01/01/2022',103),NULL,'I'),
(1622,21,'094','Libres',CONVERT(datetime,'01/01/2022',103),NULL,'I'),
(1623,30,'094','Juan Rodríguez Clara',CONVERT(datetime,'01/01/2022',103),NULL,'I'),
(1624,31,'094','Tixmehuac',CONVERT(datetime,'01/01/2022',103),NULL,'I'),
(1625,14,'095','Teuchitlán',CONVERT(datetime,'01/01/2022',103),NULL,'I'),
(1626,15,'095','Tepotzotlán',CONVERT(datetime,'01/01/2022',103),NULL,'I'),
(1627,16,'095','Tocumbo',CONVERT(datetime,'01/01/2022',103),NULL,'I'),
(1628,20,'095','San Andrés Paxtlán',CONVERT(datetime,'01/01/2022',103),NULL,'I'),
(1629,21,'095','La Magdalena Tlatlauquitepec',CONVERT(datetime,'01/01/2022',103),NULL,'I'),
(1630,30,'095','Juchique de Ferrer',CONVERT(datetime,'01/01/2022',103),NULL,'I'),
(1631,31,'095','Tixpéhual',CONVERT(datetime,'01/01/2022',103),NULL,'I'),
(1632,5,'096','Tila',CONVERT(datetime,'01/01/2022',103),NULL,'I'),
(1633,14,'096','Tizapán el Alto',CONVERT(datetime,'01/01/2022',103),NULL,'I'),
(1634,15,'096','Tequixquiac',CONVERT(datetime,'01/01/2022',103),NULL,'I'),
(1635,16,'096','Tumbiscatío',CONVERT(datetime,'01/01/2022',103),NULL,'I'),
(1636,20,'096','San Andrés Sinaxtla',CONVERT(datetime,'01/01/2022',103),NULL,'I'),
(1637,21,'096','Mazapiltepec de Juárez',CONVERT(datetime,'01/01/2022',103),NULL,'I'),
(1638,30,'096','Landero y Coss',CONVERT(datetime,'01/01/2022',103),NULL,'I'),
(1639,31,'096','Tizimín',CONVERT(datetime,'01/01/2022',103),NULL,'I'),
(1640,5,'097','Tonalá',CONVERT(datetime,'01/01/2022',103),NULL,'I'),
(1641,14,'097','Tlajomulco de Zúñiga',CONVERT(datetime,'01/01/2022',103),NULL,'I'),
(1642,15,'097','Texcaltitlán',CONVERT(datetime,'01/01/2022',103),NULL,'I'),
(1643,16,'097','Turicato',CONVERT(datetime,'01/01/2022',103),NULL,'I'),
(1644,20,'097','San Andrés Solaga',CONVERT(datetime,'01/01/2022',103),NULL,'I'),
(1645,21,'097','Mixtla',CONVERT(datetime,'01/01/2022',103),NULL,'I'),
(1646,30,'097','Lerdo de Tejada',CONVERT(datetime,'01/01/2022',103),NULL,'I'),
(1647,31,'097','Tunkás',CONVERT(datetime,'01/01/2022',103),NULL,'I'),
(1648,5,'098','Totolapa',CONVERT(datetime,'01/01/2022',103),NULL,'I'),
(1649,14,'098','San Pedro Tlaquepaque',CONVERT(datetime,'01/01/2022',103),NULL,'I'),
(1650,15,'098','Texcalyacac',CONVERT(datetime,'01/01/2022',103),NULL,'I'),
(1651,16,'098','Tuxpan',CONVERT(datetime,'01/01/2022',103),NULL,'I'),
(1652,20,'098','San Andrés Teotilálpam',CONVERT(datetime,'01/01/2022',103),NULL,'I'),
(1653,21,'098','Molcaxac',CONVERT(datetime,'01/01/2022',103),NULL,'I'),
(1654,30,'098','Magdalena',CONVERT(datetime,'01/01/2022',103),NULL,'I'),
(1655,31,'098','Tzucacab',CONVERT(datetime,'01/01/2022',103),NULL,'I'),
(1656,5,'099','La Trinitaria',CONVERT(datetime,'01/01/2022',103),NULL,'I'),
(1657,14,'099','Tolimán',CONVERT(datetime,'01/01/2022',103),NULL,'I'),
(1658,15,'099','Texcoco',CONVERT(datetime,'01/01/2022',103),NULL,'I'),
(1659,16,'099','Tuzantla',CONVERT(datetime,'01/01/2022',103),NULL,'I'),
(1660,20,'099','San Andrés Tepetlapa',CONVERT(datetime,'01/01/2022',103),NULL,'I'),
(1661,21,'099','Cañada Morelos',CONVERT(datetime,'01/01/2022',103),NULL,'I'),
(1662,30,'099','Maltrata',CONVERT(datetime,'01/01/2022',103),NULL,'I'),
(1663,31,'099','Uayma',CONVERT(datetime,'01/01/2022',103),NULL,'I'),
(1664,5,'100','Tumbalá',CONVERT(datetime,'01/01/2022',103),NULL,'I'),
(1665,14,'100','Tomatlán',CONVERT(datetime,'01/01/2022',103),NULL,'I'),
(1666,15,'100','Tezoyuca',CONVERT(datetime,'01/01/2022',103),NULL,'I'),
(1667,16,'100','Tzintzuntzan',CONVERT(datetime,'01/01/2022',103),NULL,'I'),
(1668,20,'100','San Andrés Yaá',CONVERT(datetime,'01/01/2022',103),NULL,'I'),
(1669,21,'100','Naupan',CONVERT(datetime,'01/01/2022',103),NULL,'I'),
(1670,30,'100','Manlio Fabio Altamirano',CONVERT(datetime,'01/01/2022',103),NULL,'I'),
(1671,31,'100','Ucú',CONVERT(datetime,'01/01/2022',103),NULL,'I'),
(1672,5,'101','Tuxtla Gutiérrez',CONVERT(datetime,'01/01/2022',103),NULL,'I'),
(1673,14,'101','Tonalá',CONVERT(datetime,'01/01/2022',103),NULL,'I'),
(1674,15,'101','Tianguistenco',CONVERT(datetime,'01/01/2022',103),NULL,'I'),
(1675,16,'101','Tzitzio',CONVERT(datetime,'01/01/2022',103),NULL,'I'),
(1676,20,'101','San Andrés Zabache',CONVERT(datetime,'01/01/2022',103),NULL,'I'),
(1677,21,'101','Nauzontla',CONVERT(datetime,'01/01/2022',103),NULL,'I'),
(1678,30,'101','Mariano Escobedo',CONVERT(datetime,'01/01/2022',103),NULL,'I'),
(1679,31,'101','Umán',CONVERT(datetime,'01/01/2022',103),NULL,'I'),
(1680,5,'102','Tuxtla Chico',CONVERT(datetime,'01/01/2022',103),NULL,'I'),
(1681,14,'102','Tonaya',CONVERT(datetime,'01/01/2022',103),NULL,'I'),
(1682,15,'102','Timilpan',CONVERT(datetime,'01/01/2022',103),NULL,'I'),
(1683,16,'102','Uruapan',CONVERT(datetime,'01/01/2022',103),NULL,'I'),
(1684,20,'102','San Andrés Zautla',CONVERT(datetime,'01/01/2022',103),NULL,'I'),
(1685,21,'102','Nealtican',CONVERT(datetime,'01/01/2022',103),NULL,'I'),
(1686,30,'102','Martínez de la Torre',CONVERT(datetime,'01/01/2022',103),NULL,'I'),
(1687,31,'102','Valladolid',CONVERT(datetime,'01/01/2022',103),NULL,'I'),
(1688,5,'103','Tuzantán',CONVERT(datetime,'01/01/2022',103),NULL,'I'),
(1689,14,'103','Tonila',CONVERT(datetime,'01/01/2022',103),NULL,'I'),
(1690,15,'103','Tlalmanalco',CONVERT(datetime,'01/01/2022',103),NULL,'I'),
(1691,16,'103','Venustiano Carranza',CONVERT(datetime,'01/01/2022',103),NULL,'I'),
(1692,20,'103','San Antonino Castillo Velasco',CONVERT(datetime,'01/01/2022',103),NULL,'I'),
(1693,21,'103','Nicolás Bravo',CONVERT(datetime,'01/01/2022',103),NULL,'I'),
(1694,30,'103','Mecatlán',CONVERT(datetime,'01/01/2022',103),NULL,'I'),
(1695,31,'103','Xocchel',CONVERT(datetime,'01/01/2022',103),NULL,'I'),
(1696,5,'104','Tzimol',CONVERT(datetime,'01/01/2022',103),NULL,'I'),
(1697,14,'104','Totatiche',CONVERT(datetime,'01/01/2022',103),NULL,'I'),
(1698,15,'104','Tlalnepantla de Baz',CONVERT(datetime,'01/01/2022',103),NULL,'I'),
(1699,16,'104','Villamar',CONVERT(datetime,'01/01/2022',103),NULL,'I'),
(1700,20,'104','San Antonino el Alto',CONVERT(datetime,'01/01/2022',103),NULL,'I'),
(1701,21,'104','Nopalucan',CONVERT(datetime,'01/01/2022',103),NULL,'I'),
(1702,30,'104','Mecayapan',CONVERT(datetime,'01/01/2022',103),NULL,'I'),
(1703,31,'104','Yaxcabá',CONVERT(datetime,'01/01/2022',103),NULL,'I'),
(1704,5,'105','Unión Juárez',CONVERT(datetime,'01/01/2022',103),NULL,'I'),
(1705,14,'105','Tototlán',CONVERT(datetime,'01/01/2022',103),NULL,'I'),
(1706,15,'105','Tlatlaya',CONVERT(datetime,'01/01/2022',103),NULL,'I'),
(1707,16,'105','Vista Hermosa',CONVERT(datetime,'01/01/2022',103),NULL,'I'),
(1708,20,'105','San Antonino Monte Verde',CONVERT(datetime,'01/01/2022',103),NULL,'I'),
(1709,21,'105','Ocotepec',CONVERT(datetime,'01/01/2022',103),NULL,'I'),
(1710,30,'105','Medellín',CONVERT(datetime,'01/01/2022',103),NULL,'I'),
(1711,31,'105','Yaxkukul',CONVERT(datetime,'01/01/2022',103),NULL,'I'),
(1712,5,'106','Venustiano Carranza',CONVERT(datetime,'01/01/2022',103),NULL,'I'),
(1713,14,'106','Tuxcacuesco',CONVERT(datetime,'01/01/2022',103),NULL,'I'),
(1714,15,'106','Toluca',CONVERT(datetime,'01/01/2022',103),NULL,'I'),
(1715,16,'106','Yurécuaro',CONVERT(datetime,'01/01/2022',103),NULL,'I'),
(1716,20,'106','San Antonio Acutla',CONVERT(datetime,'01/01/2022',103),NULL,'I'),
(1717,21,'106','Ocoyucan',CONVERT(datetime,'01/01/2022',103),NULL,'I'),
(1718,30,'106','Miahuatlán',CONVERT(datetime,'01/01/2022',103),NULL,'I'),
(1719,31,'106','Yobaín',CONVERT(datetime,'01/01/2022',103),NULL,'I'),
(1720,5,'107','Villa Corzo',CONVERT(datetime,'01/01/2022',103),NULL,'I'),
(1721,14,'107','Tuxcueca',CONVERT(datetime,'01/01/2022',103),NULL,'I'),
(1722,15,'107','Tonatico',CONVERT(datetime,'01/01/2022',103),NULL,'I'),
(1723,16,'107','Zacapu',CONVERT(datetime,'01/01/2022',103),NULL,'I'),
(1724,20,'107','San Antonio de la Cal',CONVERT(datetime,'01/01/2022',103),NULL,'I'),
(1725,21,'107','Olintla',CONVERT(datetime,'01/01/2022',103),NULL,'I'),
(1726,30,'107','Las Minas',CONVERT(datetime,'01/01/2022',103),NULL,'I'),
(1727,5,'108','Villaflores',CONVERT(datetime,'01/01/2022',103),NULL,'I'),
(1728,14,'108','Tuxpan',CONVERT(datetime,'01/01/2022',103),NULL,'I'),
(1729,15,'108','Tultepec',CONVERT(datetime,'01/01/2022',103),NULL,'I'),
(1730,16,'108','Zamora',CONVERT(datetime,'01/01/2022',103),NULL,'I'),
(1731,20,'108','San Antonio Huitepec',CONVERT(datetime,'01/01/2022',103),NULL,'I'),
(1732,21,'108','Oriental',CONVERT(datetime,'01/01/2022',103),NULL,'I'),
(1733,30,'108','Minatitlán',CONVERT(datetime,'01/01/2022',103),NULL,'I'),
(1734,5,'109','Yajalón',CONVERT(datetime,'01/01/2022',103),NULL,'I'),
(1735,14,'109','Unión de San Antonio',CONVERT(datetime,'01/01/2022',103),NULL,'I'),
(1736,15,'109','Tultitlán',CONVERT(datetime,'01/01/2022',103),NULL,'I'),
(1737,16,'109','Zináparo',CONVERT(datetime,'01/01/2022',103),NULL,'I'),
(1738,20,'109','San Antonio Nanahuatípam',CONVERT(datetime,'01/01/2022',103),NULL,'I'),
(1739,21,'109','Pahuatlán',CONVERT(datetime,'01/01/2022',103),NULL,'I'),
(1740,30,'109','Misantla',CONVERT(datetime,'01/01/2022',103),NULL,'I'),
(1741,5,'110','San Lucas',CONVERT(datetime,'01/01/2022',103),NULL,'I'),
(1742,14,'110','Unión de Tula',CONVERT(datetime,'01/01/2022',103),NULL,'I'),
(1743,15,'110','Valle de Bravo',CONVERT(datetime,'01/01/2022',103),NULL,'I'),
(1744,16,'110','Zinapécuaro',CONVERT(datetime,'01/01/2022',103),NULL,'I'),
(1745,20,'110','San Antonio Sinicahua',CONVERT(datetime,'01/01/2022',103),NULL,'I'),
(1746,21,'110','Palmar de Bravo',CONVERT(datetime,'01/01/2022',103),NULL,'I'),
(1747,30,'110','Mixtla de Altamirano',CONVERT(datetime,'01/01/2022',103),NULL,'I'),
(1748,5,'111','Zinacantán',CONVERT(datetime,'01/01/2022',103),NULL,'I'),
(1749,14,'111','Valle de Guadalupe',CONVERT(datetime,'01/01/2022',103),NULL,'I'),
(1750,15,'111','Villa de Allende',CONVERT(datetime,'01/01/2022',103),NULL,'I'),
(1751,16,'111','Ziracuaretiro',CONVERT(datetime,'01/01/2022',103),NULL,'I'),
(1752,20,'111','San Antonio Tepetlapa',CONVERT(datetime,'01/01/2022',103),NULL,'I'),
(1753,21,'111','Pantepec',CONVERT(datetime,'01/01/2022',103),NULL,'I'),
(1754,30,'111','Moloacán',CONVERT(datetime,'01/01/2022',103),NULL,'I'),
(1755,5,'112','San Juan Cancuc',CONVERT(datetime,'01/01/2022',103),NULL,'I'),
(1756,14,'112','Valle de Juárez',CONVERT(datetime,'01/01/2022',103),NULL,'I'),
(1757,15,'112','Villa del Carbón',CONVERT(datetime,'01/01/2022',103),NULL,'I'),
(1758,16,'112','Zitácuaro',CONVERT(datetime,'01/01/2022',103),NULL,'I'),
(1759,20,'112','San Baltazar Chichicápam',CONVERT(datetime,'01/01/2022',103),NULL,'I'),
(1760,21,'112','Petlalcingo',CONVERT(datetime,'01/01/2022',103),NULL,'I'),
(1761,30,'112','Naolinco',CONVERT(datetime,'01/01/2022',103),NULL,'I'),
(1762,5,'113','Aldama',CONVERT(datetime,'01/01/2022',103),NULL,'I'),
(1763,14,'113','San Gabriel',CONVERT(datetime,'01/01/2022',103),NULL,'I'),
(1764,15,'113','Villa Guerrero',CONVERT(datetime,'01/01/2022',103),NULL,'I'),
(1765,16,'113','José Sixto Verduzco',CONVERT(datetime,'01/01/2022',103),NULL,'I'),
(1766,20,'113','San Baltazar Loxicha',CONVERT(datetime,'01/01/2022',103),NULL,'I'),
(1767,21,'113','Piaxtla',CONVERT(datetime,'01/01/2022',103),NULL,'I'),
(1768,30,'113','Naranjal',CONVERT(datetime,'01/01/2022',103),NULL,'I'),
(1769,5,'114','Benemérito de las Américas',CONVERT(datetime,'01/01/2022',103),NULL,'I'),
(1770,14,'114','Villa Corona',CONVERT(datetime,'01/01/2022',103),NULL,'I'),
(1771,15,'114','Villa Victoria',CONVERT(datetime,'01/01/2022',103),NULL,'I'),
(1772,20,'114','San Baltazar Yatzachi el Bajo',CONVERT(datetime,'01/01/2022',103),NULL,'I'),
(1773,21,'114','Puebla',CONVERT(datetime,'01/01/2022',103),NULL,'I'),
(1774,30,'114','Nautla',CONVERT(datetime,'01/01/2022',103),NULL,'I'),
(1775,5,'115','Maravilla Tenejapa',CONVERT(datetime,'01/01/2022',103),NULL,'I'),
(1776,14,'115','Villa Guerrero',CONVERT(datetime,'01/01/2022',103),NULL,'I'),
(1777,15,'115','Xonacatlán',CONVERT(datetime,'01/01/2022',103),NULL,'I'),
(1778,20,'115','San Bartolo Coyotepec',CONVERT(datetime,'01/01/2022',103),NULL,'I'),
(1779,21,'115','Quecholac',CONVERT(datetime,'01/01/2022',103),NULL,'I'),
(1780,30,'115','Nogales',CONVERT(datetime,'01/01/2022',103),NULL,'I'),
(1781,5,'116','Marqués de Comillas',CONVERT(datetime,'01/01/2022',103),NULL,'I'),
(1782,14,'116','Villa Hidalgo',CONVERT(datetime,'01/01/2022',103),NULL,'I'),
(1783,15,'116','Zacazonapan',CONVERT(datetime,'01/01/2022',103),NULL,'I'),
(1784,20,'116','San Bartolomé Ayautla',CONVERT(datetime,'01/01/2022',103),NULL,'I'),
(1785,21,'116','Quimixtlán',CONVERT(datetime,'01/01/2022',103),NULL,'I'),
(1786,30,'116','Oluta',CONVERT(datetime,'01/01/2022',103),NULL,'I'),
(1787,5,'117','Montecristo de Guerrero',CONVERT(datetime,'01/01/2022',103),NULL,'I'),
(1788,14,'117','Cañadas de Obregón',CONVERT(datetime,'01/01/2022',103),NULL,'I'),
(1789,15,'117','Zacualpan',CONVERT(datetime,'01/01/2022',103),NULL,'I'),
(1790,20,'117','San Bartolomé Loxicha',CONVERT(datetime,'01/01/2022',103),NULL,'I'),
(1791,21,'117','Rafael Lara Grajales',CONVERT(datetime,'01/01/2022',103),NULL,'I'),
(1792,30,'117','Omealca',CONVERT(datetime,'01/01/2022',103),NULL,'I'),
(1793,5,'118','San Andrés Duraznal',CONVERT(datetime,'01/01/2022',103),NULL,'I'),
(1794,14,'118','Yahualica de González Gallo',CONVERT(datetime,'01/01/2022',103),NULL,'I'),
(1795,15,'118','Zinacantepec',CONVERT(datetime,'01/01/2022',103),NULL,'I'),
(1796,20,'118','San Bartolomé Quialana',CONVERT(datetime,'01/01/2022',103),NULL,'I'),
(1797,21,'118','Los Reyes de Juárez',CONVERT(datetime,'01/01/2022',103),NULL,'I'),
(1798,30,'118','Orizaba',CONVERT(datetime,'01/01/2022',103),NULL,'I'),
(1799,5,'119','Santiago el Pinar',CONVERT(datetime,'01/01/2022',103),NULL,'I'),
(1800,14,'119','Zacoalco de Torres',CONVERT(datetime,'01/01/2022',103),NULL,'I'),
(1801,15,'119','Zumpahuacán',CONVERT(datetime,'01/01/2022',103),NULL,'I'),
(1802,20,'119','San Bartolomé Yucuañe',CONVERT(datetime,'01/01/2022',103),NULL,'I'),
(1803,21,'119','San Andrés Cholula',CONVERT(datetime,'01/01/2022',103),NULL,'I'),
(1804,30,'119','Otatitlán',CONVERT(datetime,'01/01/2022',103),NULL,'I'),
(1805,14,'120','Zapopan',CONVERT(datetime,'01/01/2022',103),NULL,'I'),
(1806,15,'120','Zumpango',CONVERT(datetime,'01/01/2022',103),NULL,'I'),
(1807,20,'120','San Bartolomé Zoogocho',CONVERT(datetime,'01/01/2022',103),NULL,'I'),
(1808,21,'120','San Antonio Cañada',CONVERT(datetime,'01/01/2022',103),NULL,'I'),
(1809,30,'120','Oteapan',CONVERT(datetime,'01/01/2022',103),NULL,'I'),
(1810,5,'120','Capitán Luis Ángel Vidal',CONVERT(datetime,'01/01/2022',103),NULL,'I'),
(1811,14,'121','Zapotiltic',CONVERT(datetime,'01/01/2022',103),NULL,'I'),
(1812,15,'121','Cuautitlán Izcalli',CONVERT(datetime,'01/01/2022',103),NULL,'I'),
(1813,20,'121','San Bartolo Soyaltepec',CONVERT(datetime,'01/01/2022',103),NULL,'I'),
(1814,21,'121','San Diego la Mesa Tochimiltzingo',CONVERT(datetime,'01/01/2022',103),NULL,'I'),
(1815,30,'121','Ozuluama de Mascareñas',CONVERT(datetime,'01/01/2022',103),NULL,'I'),
(1816,5,'121','Rincón Chamula San Pedro',CONVERT(datetime,'01/01/2022',103),NULL,'I'),
(1817,14,'122','Zapotitlán de Vadillo',CONVERT(datetime,'01/01/2022',103),NULL,'I'),
(1818,15,'122','Valle de Chalco Solidaridad',CONVERT(datetime,'01/01/2022',103),NULL,'I'),
(1819,20,'122','San Bartolo Yautepec',CONVERT(datetime,'01/01/2022',103),NULL,'I'),
(1820,21,'122','San Felipe Teotlalcingo',CONVERT(datetime,'01/01/2022',103),NULL,'I'),
(1821,30,'122','Pajapan',CONVERT(datetime,'01/01/2022',103),NULL,'I'),
(1822,5,'122','El Parral',CONVERT(datetime,'01/01/2022',103),NULL,'I'),
(1823,14,'123','Zapotlán del Rey',CONVERT(datetime,'01/01/2022',103),NULL,'I'),
(1824,15,'123','Luvianos',CONVERT(datetime,'01/01/2022',103),NULL,'I'),
(1825,20,'123','San Bernardo Mixtepec',CONVERT(datetime,'01/01/2022',103),NULL,'I'),
(1826,21,'123','San Felipe Tepatlán',CONVERT(datetime,'01/01/2022',103),NULL,'I'),
(1827,30,'123','Pánuco',CONVERT(datetime,'01/01/2022',103),NULL,'I'),
(1828,5,'123','Emiliano Zapata',CONVERT(datetime,'01/01/2022',103),NULL,'I'),
(1829,14,'124','Zapotlanejo',CONVERT(datetime,'01/01/2022',103),NULL,'I'),
(1830,15,'124','San José del Rincón',CONVERT(datetime,'01/01/2022',103),NULL,'I'),
(1831,20,'124','San Blas Atempa',CONVERT(datetime,'01/01/2022',103),NULL,'I'),
(1832,21,'124','San Gabriel Chilac',CONVERT(datetime,'01/01/2022',103),NULL,'I'),
(1833,30,'124','Papantla',CONVERT(datetime,'01/01/2022',103),NULL,'I'),
(1834,5,'124','Mezcalapa',CONVERT(datetime,'01/01/2022',103),NULL,'I'),
(1835,14,'125','San Ignacio Cerro Gordo',CONVERT(datetime,'01/01/2022',103),NULL,'I'),
(1836,15,'125','Tonanitla',CONVERT(datetime,'01/01/2022',103),NULL,'I'),
(1837,20,'125','San Carlos Yautepec',CONVERT(datetime,'01/01/2022',103),NULL,'I'),
(1838,21,'125','San Gregorio Atzompa',CONVERT(datetime,'01/01/2022',103),NULL,'I'),
(1839,30,'125','Paso del Macho',CONVERT(datetime,'01/01/2022',103),NULL,'I'),
(1840,20,'126','San Cristóbal Amatlán',CONVERT(datetime,'01/01/2022',103),NULL,'I'),
(1841,21,'126','San Jerónimo Tecuanipan',CONVERT(datetime,'01/01/2022',103),NULL,'I'),
(1842,30,'126','Paso de Ovejas',CONVERT(datetime,'01/01/2022',103),NULL,'I'),
(1843,20,'127','San Cristóbal Amoltepec',CONVERT(datetime,'01/01/2022',103),NULL,'I'),
(1844,21,'127','San Jerónimo Xayacatlán',CONVERT(datetime,'01/01/2022',103),NULL,'I'),
(1845,30,'127','La Perla',CONVERT(datetime,'01/01/2022',103),NULL,'I'),
(1846,20,'128','San Cristóbal Lachirioag',CONVERT(datetime,'01/01/2022',103),NULL,'I'),
(1847,21,'128','San José Chiapa',CONVERT(datetime,'01/01/2022',103),NULL,'I'),
(1848,30,'128','Perote',CONVERT(datetime,'01/01/2022',103),NULL,'I'),
(1849,20,'129','San Cristóbal Suchixtlahuaca',CONVERT(datetime,'01/01/2022',103),NULL,'I'),
(1850,21,'129','San José Miahuatlán',CONVERT(datetime,'01/01/2022',103),NULL,'I'),
(1851,30,'129','Platón Sánchez',CONVERT(datetime,'01/01/2022',103),NULL,'I'),
(1852,20,'130','San Dionisio del Mar',CONVERT(datetime,'01/01/2022',103),NULL,'I'),
(1853,21,'130','San Juan Atenco',CONVERT(datetime,'01/01/2022',103),NULL,'I'),
(1854,30,'130','Playa Vicente',CONVERT(datetime,'01/01/2022',103),NULL,'I'),
(1855,20,'131','San Dionisio Ocotepec',CONVERT(datetime,'01/01/2022',103),NULL,'I'),
(1856,21,'131','San Juan Atzompa',CONVERT(datetime,'01/01/2022',103),NULL,'I'),
(1857,30,'131','Poza Rica de Hidalgo',CONVERT(datetime,'01/01/2022',103),NULL,'I'),
(1858,20,'132','San Dionisio Ocotlán',CONVERT(datetime,'01/01/2022',103),NULL,'I'),
(1859,21,'132','San Martín Texmelucan',CONVERT(datetime,'01/01/2022',103),NULL,'I'),
(1860,30,'132','Las Vigas de Ramírez',CONVERT(datetime,'01/01/2022',103),NULL,'I'),
(1861,20,'133','San Esteban Atatlahuca',CONVERT(datetime,'01/01/2022',103),NULL,'I'),
(1862,21,'133','San Martín Totoltepec',CONVERT(datetime,'01/01/2022',103),NULL,'I'),
(1863,30,'133','Pueblo Viejo',CONVERT(datetime,'01/01/2022',103),NULL,'I'),
(1864,20,'134','San Felipe Jalapa de Díaz',CONVERT(datetime,'01/01/2022',103),NULL,'I'),
(1865,21,'134','San Matías Tlalancaleca',CONVERT(datetime,'01/01/2022',103),NULL,'I'),
(1866,30,'134','Puente Nacional',CONVERT(datetime,'01/01/2022',103),NULL,'I'),
(1867,20,'135','San Felipe Tejalápam',CONVERT(datetime,'01/01/2022',103),NULL,'I'),
(1868,21,'135','San Miguel Ixitlán',CONVERT(datetime,'01/01/2022',103),NULL,'I'),
(1869,30,'135','Rafael Delgado',CONVERT(datetime,'01/01/2022',103),NULL,'I'),
(1870,20,'136','San Felipe Usila',CONVERT(datetime,'01/01/2022',103),NULL,'I'),
(1871,21,'136','San Miguel Xoxtla',CONVERT(datetime,'01/01/2022',103),NULL,'I'),
(1872,30,'136','Rafael Lucio',CONVERT(datetime,'01/01/2022',103),NULL,'I'),
(1873,20,'137','San Francisco Cahuacuá',CONVERT(datetime,'01/01/2022',103),NULL,'I'),
(1874,21,'137','San Nicolás Buenos Aires',CONVERT(datetime,'01/01/2022',103),NULL,'I'),
(1875,30,'137','Los Reyes',CONVERT(datetime,'01/01/2022',103),NULL,'I'),
(1876,20,'138','San Francisco Cajonos',CONVERT(datetime,'01/01/2022',103),NULL,'I'),
(1877,21,'138','San Nicolás de los Ranchos',CONVERT(datetime,'01/01/2022',103),NULL,'I'),
(1878,30,'138','Río Blanco',CONVERT(datetime,'01/01/2022',103),NULL,'I'),
(1879,20,'139','San Francisco Chapulapa',CONVERT(datetime,'01/01/2022',103),NULL,'I'),
(1880,21,'139','San Pablo Anicano',CONVERT(datetime,'01/01/2022',103),NULL,'I'),
(1881,30,'139','Saltabarranca',CONVERT(datetime,'01/01/2022',103),NULL,'I'),
(1882,20,'140','San Francisco Chindúa',CONVERT(datetime,'01/01/2022',103),NULL,'I'),
(1883,21,'140','San Pedro Cholula',CONVERT(datetime,'01/01/2022',103),NULL,'I'),
(1884,30,'140','San Andrés Tenejapan',CONVERT(datetime,'01/01/2022',103),NULL,'I'),
(1885,20,'141','San Francisco del Mar',CONVERT(datetime,'01/01/2022',103),NULL,'I'),
(1886,21,'141','San Pedro Yeloixtlahuaca',CONVERT(datetime,'01/01/2022',103),NULL,'I'),
(1887,30,'141','San Andrés Tuxtla',CONVERT(datetime,'01/01/2022',103),NULL,'I'),
(1888,20,'142','San Francisco Huehuetlán',CONVERT(datetime,'01/01/2022',103),NULL,'I'),
(1889,21,'142','San Salvador el Seco',CONVERT(datetime,'01/01/2022',103),NULL,'I'),
(1890,30,'142','San Juan Evangelista',CONVERT(datetime,'01/01/2022',103),NULL,'I'),
(1891,20,'143','San Francisco Ixhuatán',CONVERT(datetime,'01/01/2022',103),NULL,'I'),
(1892,21,'143','San Salvador el Verde',CONVERT(datetime,'01/01/2022',103),NULL,'I'),
(1893,30,'143','Santiago Tuxtla',CONVERT(datetime,'01/01/2022',103),NULL,'I'),
(1894,20,'144','San Francisco Jaltepetongo',CONVERT(datetime,'01/01/2022',103),NULL,'I'),
(1895,21,'144','San Salvador Huixcolotla',CONVERT(datetime,'01/01/2022',103),NULL,'I'),
(1896,30,'144','Sayula de Alemán',CONVERT(datetime,'01/01/2022',103),NULL,'I'),
(1897,20,'145','San Francisco Lachigoló',CONVERT(datetime,'01/01/2022',103),NULL,'I'),
(1898,21,'145','San Sebastián Tlacotepec',CONVERT(datetime,'01/01/2022',103),NULL,'I'),
(1899,30,'145','Soconusco',CONVERT(datetime,'01/01/2022',103),NULL,'I'),
(1900,20,'146','San Francisco Logueche',CONVERT(datetime,'01/01/2022',103),NULL,'I'),
(1901,21,'146','Santa Catarina Tlaltempan',CONVERT(datetime,'01/01/2022',103),NULL,'I'),
(1902,30,'146','Sochiapa',CONVERT(datetime,'01/01/2022',103),NULL,'I'),
(1903,20,'147','San Francisco Nuxaño',CONVERT(datetime,'01/01/2022',103),NULL,'I'),
(1904,21,'147','Santa Inés Ahuatempan',CONVERT(datetime,'01/01/2022',103),NULL,'I'),
(1905,30,'147','Soledad Atzompa',CONVERT(datetime,'01/01/2022',103),NULL,'I'),
(1906,20,'148','San Francisco Ozolotepec',CONVERT(datetime,'01/01/2022',103),NULL,'I'),
(1907,21,'148','Santa Isabel Cholula',CONVERT(datetime,'01/01/2022',103),NULL,'I'),
(1908,30,'148','Soledad de Doblado',CONVERT(datetime,'01/01/2022',103),NULL,'I'),
(1909,20,'149','San Francisco Sola',CONVERT(datetime,'01/01/2022',103),NULL,'I'),
(1910,21,'149','Santiago Miahuatlán',CONVERT(datetime,'01/01/2022',103),NULL,'I'),
(1911,30,'149','Soteapan',CONVERT(datetime,'01/01/2022',103),NULL,'I'),
(1912,20,'150','San Francisco Telixtlahuaca',CONVERT(datetime,'01/01/2022',103),NULL,'I'),
(1913,21,'150','Huehuetlán el Grande',CONVERT(datetime,'01/01/2022',103),NULL,'I'),
(1914,30,'150','Tamalín',CONVERT(datetime,'01/01/2022',103),NULL,'I'),
(1915,20,'151','San Francisco Teopan',CONVERT(datetime,'01/01/2022',103),NULL,'I'),
(1916,21,'151','Santo Tomás Hueyotlipan',CONVERT(datetime,'01/01/2022',103),NULL,'I'),
(1917,30,'151','Tamiahua',CONVERT(datetime,'01/01/2022',103),NULL,'I'),
(1918,20,'152','San Francisco Tlapancingo',CONVERT(datetime,'01/01/2022',103),NULL,'I'),
(1919,21,'152','Soltepec',CONVERT(datetime,'01/01/2022',103),NULL,'I'),
(1920,30,'152','Tampico Alto',CONVERT(datetime,'01/01/2022',103),NULL,'I'),
(1921,20,'153','San Gabriel Mixtepec',CONVERT(datetime,'01/01/2022',103),NULL,'I'),
(1922,21,'153','Tecali de Herrera',CONVERT(datetime,'01/01/2022',103),NULL,'I'),
(1923,30,'153','Tancoco',CONVERT(datetime,'01/01/2022',103),NULL,'I'),
(1924,20,'154','San Ildefonso Amatlán',CONVERT(datetime,'01/01/2022',103),NULL,'I'),
(1925,21,'154','Tecamachalco',CONVERT(datetime,'01/01/2022',103),NULL,'I'),
(1926,30,'154','Tantima',CONVERT(datetime,'01/01/2022',103),NULL,'I'),
(1927,20,'155','San Ildefonso Sola',CONVERT(datetime,'01/01/2022',103),NULL,'I'),
(1928,21,'155','Tecomatlán',CONVERT(datetime,'01/01/2022',103),NULL,'I'),
(1929,30,'155','Tantoyuca',CONVERT(datetime,'01/01/2022',103),NULL,'I'),
(1930,20,'156','San Ildefonso Villa Alta',CONVERT(datetime,'01/01/2022',103),NULL,'I'),
(1931,21,'156','Tehuacán',CONVERT(datetime,'01/01/2022',103),NULL,'I'),
(1932,30,'156','Tatatila',CONVERT(datetime,'01/01/2022',103),NULL,'I'),
(1933,20,'157','San Jacinto Amilpas',CONVERT(datetime,'01/01/2022',103),NULL,'I'),
(1934,21,'157','Tehuitzingo',CONVERT(datetime,'01/01/2022',103),NULL,'I'),
(1935,30,'157','Castillo de Teayo',CONVERT(datetime,'01/01/2022',103),NULL,'I'),
(1936,20,'158','San Jacinto Tlacotepec',CONVERT(datetime,'01/01/2022',103),NULL,'I'),
(1937,21,'158','Tenampulco',CONVERT(datetime,'01/01/2022',103),NULL,'I'),
(1938,30,'158','Tecolutla',CONVERT(datetime,'01/01/2022',103),NULL,'I'),
(1939,20,'159','San Jerónimo Coatlán',CONVERT(datetime,'01/01/2022',103),NULL,'I'),
(1940,21,'159','Teopantlán',CONVERT(datetime,'01/01/2022',103),NULL,'I'),
(1941,30,'159','Tehuipango',CONVERT(datetime,'01/01/2022',103),NULL,'I'),
(1942,20,'160','San Jerónimo Silacayoapilla',CONVERT(datetime,'01/01/2022',103),NULL,'I'),
(1943,21,'160','Teotlalco',CONVERT(datetime,'01/01/2022',103),NULL,'I'),
(1944,30,'160','Álamo Temapache',CONVERT(datetime,'01/01/2022',103),NULL,'I'),
(1945,20,'161','San Jerónimo Sosola',CONVERT(datetime,'01/01/2022',103),NULL,'I'),
(1946,21,'161','Tepanco de López',CONVERT(datetime,'01/01/2022',103),NULL,'I'),
(1947,30,'161','Tempoal',CONVERT(datetime,'01/01/2022',103),NULL,'I'),
(1948,20,'162','San Jerónimo Taviche',CONVERT(datetime,'01/01/2022',103),NULL,'I'),
(1949,21,'162','Tepango de Rodríguez',CONVERT(datetime,'01/01/2022',103),NULL,'I'),
(1950,30,'162','Tenampa',CONVERT(datetime,'01/01/2022',103),NULL,'I'),
(1951,20,'163','San Jerónimo Tecóatl',CONVERT(datetime,'01/01/2022',103),NULL,'I'),
(1952,21,'163','Tepatlaxco de Hidalgo',CONVERT(datetime,'01/01/2022',103),NULL,'I'),
(1953,30,'163','Tenochtitlán',CONVERT(datetime,'01/01/2022',103),NULL,'I'),
(1954,20,'164','San Jorge Nuchita',CONVERT(datetime,'01/01/2022',103),NULL,'I'),
(1955,21,'164','Tepeaca',CONVERT(datetime,'01/01/2022',103),NULL,'I'),
(1956,30,'164','Teocelo',CONVERT(datetime,'01/01/2022',103),NULL,'I'),
(1957,20,'165','San José Ayuquila',CONVERT(datetime,'01/01/2022',103),NULL,'I'),
(1958,21,'165','Tepemaxalco',CONVERT(datetime,'01/01/2022',103),NULL,'I'),
(1959,30,'165','Tepatlaxco',CONVERT(datetime,'01/01/2022',103),NULL,'I'),
(1960,20,'166','San José Chiltepec',CONVERT(datetime,'01/01/2022',103),NULL,'I'),
(1961,21,'166','Tepeojuma',CONVERT(datetime,'01/01/2022',103),NULL,'I'),
(1962,30,'166','Tepetlán',CONVERT(datetime,'01/01/2022',103),NULL,'I'),
(1963,20,'167','San José del Peñasco',CONVERT(datetime,'01/01/2022',103),NULL,'I'),
(1964,21,'167','Tepetzintla',CONVERT(datetime,'01/01/2022',103),NULL,'I'),
(1965,30,'167','Tepetzintla',CONVERT(datetime,'01/01/2022',103),NULL,'I'),
(1966,20,'168','San José Estancia Grande',CONVERT(datetime,'01/01/2022',103),NULL,'I'),
(1967,21,'168','Tepexco',CONVERT(datetime,'01/01/2022',103),NULL,'I'),
(1968,30,'168','Tequila',CONVERT(datetime,'01/01/2022',103),NULL,'I'),
(1969,20,'169','San José Independencia',CONVERT(datetime,'01/01/2022',103),NULL,'I'),
(1970,21,'169','Tepexi de Rodríguez',CONVERT(datetime,'01/01/2022',103),NULL,'I'),
(1971,30,'169','José Azueta',CONVERT(datetime,'01/01/2022',103),NULL,'I'),
(1972,20,'170','San José Lachiguiri',CONVERT(datetime,'01/01/2022',103),NULL,'I'),
(1973,21,'170','Tepeyahualco',CONVERT(datetime,'01/01/2022',103),NULL,'I'),
(1974,30,'170','Texcatepec',CONVERT(datetime,'01/01/2022',103),NULL,'I'),
(1975,20,'171','San José Tenango',CONVERT(datetime,'01/01/2022',103),NULL,'I'),
(1976,21,'171','Tepeyahualco de Cuauhtémoc',CONVERT(datetime,'01/01/2022',103),NULL,'I'),
(1977,30,'171','Texhuacán',CONVERT(datetime,'01/01/2022',103),NULL,'I'),
(1978,20,'172','San Juan Achiutla',CONVERT(datetime,'01/01/2022',103),NULL,'I'),
(1979,21,'172','Tetela de Ocampo',CONVERT(datetime,'01/01/2022',103),NULL,'I'),
(1980,30,'172','Texistepec',CONVERT(datetime,'01/01/2022',103),NULL,'I'),
(1981,20,'173','San Juan Atepec',CONVERT(datetime,'01/01/2022',103),NULL,'I'),
(1982,21,'173','Teteles de Avila Castillo',CONVERT(datetime,'01/01/2022',103),NULL,'I'),
(1983,30,'173','Tezonapa',CONVERT(datetime,'01/01/2022',103),NULL,'I'),
(1984,20,'174','Ánimas Trujano',CONVERT(datetime,'01/01/2022',103),NULL,'I'),
(1985,21,'174','Teziutlán',CONVERT(datetime,'01/01/2022',103),NULL,'I'),
(1986,30,'174','Tierra Blanca',CONVERT(datetime,'01/01/2022',103),NULL,'I'),
(1987,20,'175','San Juan Bautista Atatlahuca',CONVERT(datetime,'01/01/2022',103),NULL,'I'),
(1988,21,'175','Tianguismanalco',CONVERT(datetime,'01/01/2022',103),NULL,'I'),
(1989,30,'175','Tihuatlán',CONVERT(datetime,'01/01/2022',103),NULL,'I'),
(1990,20,'176','San Juan Bautista Coixtlahuaca',CONVERT(datetime,'01/01/2022',103),NULL,'I'),
(1991,21,'176','Tilapa',CONVERT(datetime,'01/01/2022',103),NULL,'I'),
(1992,30,'176','Tlacojalpan',CONVERT(datetime,'01/01/2022',103),NULL,'I'),
(1993,20,'177','San Juan Bautista Cuicatlán',CONVERT(datetime,'01/01/2022',103),NULL,'I'),
(1994,21,'177','Tlacotepec de Benito Juárez',CONVERT(datetime,'01/01/2022',103),NULL,'I'),
(1995,30,'177','Tlacolulan',CONVERT(datetime,'01/01/2022',103),NULL,'I'),
(1996,20,'178','San Juan Bautista Guelache',CONVERT(datetime,'01/01/2022',103),NULL,'I'),
(1997,21,'178','Tlacuilotepec',CONVERT(datetime,'01/01/2022',103),NULL,'I'),
(1998,30,'178','Tlacotalpan',CONVERT(datetime,'01/01/2022',103),NULL,'I'),
(1999,20,'179','San Juan Bautista Jayacatlán',CONVERT(datetime,'01/01/2022',103),NULL,'I'),
(2000,21,'179','Tlachichuca',CONVERT(datetime,'01/01/2022',103),NULL,'I')

GO
INSERT INTO SatMunicipios   
(
Id,
EstadoId,
ClaveSAT,
DescripcionSAT,
FechaInicioVigenciaSAT,
FechaFinVigenciaSAT,
Estatus
)
VALUES 
(2001,30,'179','Tlacotepec de Mejía',CONVERT(datetime,'01/01/2022',103),NULL,'I'),
(2002,20,'180','San Juan Bautista Lo de Soto',CONVERT(datetime,'01/01/2022',103),NULL,'I'),
(2003,21,'180','Tlahuapan',CONVERT(datetime,'01/01/2022',103),NULL,'I'),
(2004,30,'180','Tlachichilco',CONVERT(datetime,'01/01/2022',103),NULL,'I'),
(2005,20,'181','San Juan Bautista Suchitepec',CONVERT(datetime,'01/01/2022',103),NULL,'I'),
(2006,21,'181','Tlaltenango',CONVERT(datetime,'01/01/2022',103),NULL,'I'),
(2007,30,'181','Tlalixcoyan',CONVERT(datetime,'01/01/2022',103),NULL,'I'),
(2008,20,'182','San Juan Bautista Tlacoatzintepec',CONVERT(datetime,'01/01/2022',103),NULL,'I'),
(2009,21,'182','Tlanepantla',CONVERT(datetime,'01/01/2022',103),NULL,'I'),
(2010,30,'182','Tlalnelhuayocan',CONVERT(datetime,'01/01/2022',103),NULL,'I'),
(2011,20,'183','San Juan Bautista Tlachichilco',CONVERT(datetime,'01/01/2022',103),NULL,'I'),
(2012,21,'183','Tlaola',CONVERT(datetime,'01/01/2022',103),NULL,'I'),
(2013,30,'183','Tlapacoyan',CONVERT(datetime,'01/01/2022',103),NULL,'I'),
(2014,20,'184','San Juan Bautista Tuxtepec',CONVERT(datetime,'01/01/2022',103),NULL,'I'),
(2015,21,'184','Tlapacoya',CONVERT(datetime,'01/01/2022',103),NULL,'I'),
(2016,30,'184','Tlaquilpa',CONVERT(datetime,'01/01/2022',103),NULL,'I'),
(2017,20,'185','San Juan Cacahuatepec',CONVERT(datetime,'01/01/2022',103),NULL,'I'),
(2018,21,'185','Tlapanalá',CONVERT(datetime,'01/01/2022',103),NULL,'I'),
(2019,30,'185','Tlilapan',CONVERT(datetime,'01/01/2022',103),NULL,'I'),
(2020,20,'186','San Juan Cieneguilla',CONVERT(datetime,'01/01/2022',103),NULL,'I'),
(2021,21,'186','Tlatlauquitepec',CONVERT(datetime,'01/01/2022',103),NULL,'I'),
(2022,30,'186','Tomatlán',CONVERT(datetime,'01/01/2022',103),NULL,'I'),
(2023,20,'187','San Juan Coatzóspam',CONVERT(datetime,'01/01/2022',103),NULL,'I'),
(2024,21,'187','Tlaxco',CONVERT(datetime,'01/01/2022',103),NULL,'I'),
(2025,30,'187','Tonayán',CONVERT(datetime,'01/01/2022',103),NULL,'I'),
(2026,20,'188','San Juan Colorado',CONVERT(datetime,'01/01/2022',103),NULL,'I'),
(2027,21,'188','Tochimilco',CONVERT(datetime,'01/01/2022',103),NULL,'I'),
(2028,30,'188','Totutla',CONVERT(datetime,'01/01/2022',103),NULL,'I'),
(2029,20,'189','San Juan Comaltepec',CONVERT(datetime,'01/01/2022',103),NULL,'I'),
(2030,21,'189','Tochtepec',CONVERT(datetime,'01/01/2022',103),NULL,'I'),
(2031,30,'189','Tuxpan',CONVERT(datetime,'01/01/2022',103),NULL,'I'),
(2032,20,'190','San Juan Cotzocón',CONVERT(datetime,'01/01/2022',103),NULL,'I'),
(2033,21,'190','Totoltepec de Guerrero',CONVERT(datetime,'01/01/2022',103),NULL,'I'),
(2034,30,'190','Tuxtilla',CONVERT(datetime,'01/01/2022',103),NULL,'I'),
(2035,20,'191','San Juan Chicomezúchil',CONVERT(datetime,'01/01/2022',103),NULL,'I'),
(2036,21,'191','Tulcingo',CONVERT(datetime,'01/01/2022',103),NULL,'I'),
(2037,30,'191','Ursulo Galván',CONVERT(datetime,'01/01/2022',103),NULL,'I'),
(2038,20,'192','San Juan Chilateca',CONVERT(datetime,'01/01/2022',103),NULL,'I'),
(2039,21,'192','Tuzamapan de Galeana',CONVERT(datetime,'01/01/2022',103),NULL,'I'),
(2040,30,'192','Vega de Alatorre',CONVERT(datetime,'01/01/2022',103),NULL,'I'),
(2041,20,'193','San Juan del Estado',CONVERT(datetime,'01/01/2022',103),NULL,'I'),
(2042,21,'193','Tzicatlacoyan',CONVERT(datetime,'01/01/2022',103),NULL,'I'),
(2043,30,'193','Veracruz',CONVERT(datetime,'01/01/2022',103),NULL,'I'),
(2044,20,'194','San Juan del Río',CONVERT(datetime,'01/01/2022',103),NULL,'I'),
(2045,21,'194','Venustiano Carranza',CONVERT(datetime,'01/01/2022',103),NULL,'I'),
(2046,30,'194','Villa Aldama',CONVERT(datetime,'01/01/2022',103),NULL,'I'),
(2047,20,'195','San Juan Diuxi',CONVERT(datetime,'01/01/2022',103),NULL,'I'),
(2048,21,'195','Vicente Guerrero',CONVERT(datetime,'01/01/2022',103),NULL,'I'),
(2049,30,'195','Xoxocotla',CONVERT(datetime,'01/01/2022',103),NULL,'I'),
(2050,20,'196','San Juan Evangelista Analco',CONVERT(datetime,'01/01/2022',103),NULL,'I'),
(2051,21,'196','Xayacatlán de Bravo',CONVERT(datetime,'01/01/2022',103),NULL,'I'),
(2052,30,'196','Yanga',CONVERT(datetime,'01/01/2022',103),NULL,'I'),
(2053,20,'197','San Juan Guelavía',CONVERT(datetime,'01/01/2022',103),NULL,'I'),
(2054,21,'197','Xicotepec',CONVERT(datetime,'01/01/2022',103),NULL,'I'),
(2055,30,'197','Yecuatla',CONVERT(datetime,'01/01/2022',103),NULL,'I'),
(2056,20,'198','San Juan Guichicovi',CONVERT(datetime,'01/01/2022',103),NULL,'I'),
(2057,21,'198','Xicotlán',CONVERT(datetime,'01/01/2022',103),NULL,'I'),
(2058,30,'198','Zacualpan',CONVERT(datetime,'01/01/2022',103),NULL,'I'),
(2059,20,'199','San Juan Ihualtepec',CONVERT(datetime,'01/01/2022',103),NULL,'I'),
(2060,21,'199','Xiutetelco',CONVERT(datetime,'01/01/2022',103),NULL,'I'),
(2061,30,'199','Zaragoza',CONVERT(datetime,'01/01/2022',103),NULL,'I'),
(2062,20,'200','San Juan Juquila Mixes',CONVERT(datetime,'01/01/2022',103),NULL,'I'),
(2063,21,'200','Xochiapulco',CONVERT(datetime,'01/01/2022',103),NULL,'I'),
(2064,30,'200','Zentla',CONVERT(datetime,'01/01/2022',103),NULL,'I'),
(2065,20,'201','San Juan Juquila Vijanos',CONVERT(datetime,'01/01/2022',103),NULL,'I'),
(2066,21,'201','Xochiltepec',CONVERT(datetime,'01/01/2022',103),NULL,'I'),
(2067,30,'201','Zongolica',CONVERT(datetime,'01/01/2022',103),NULL,'I'),
(2068,20,'202','San Juan Lachao',CONVERT(datetime,'01/01/2022',103),NULL,'I'),
(2069,21,'202','Xochitlán de Vicente Suárez',CONVERT(datetime,'01/01/2022',103),NULL,'I'),
(2070,30,'202','Zontecomatlán de López y Fuentes',CONVERT(datetime,'01/01/2022',103),NULL,'I'),
(2071,20,'203','San Juan Lachigalla',CONVERT(datetime,'01/01/2022',103),NULL,'I'),
(2072,21,'203','Xochitlán Todos Santos',CONVERT(datetime,'01/01/2022',103),NULL,'I'),
(2073,30,'203','Zozocolco de Hidalgo',CONVERT(datetime,'01/01/2022',103),NULL,'I'),
(2074,20,'204','San Juan Lajarcia',CONVERT(datetime,'01/01/2022',103),NULL,'I'),
(2075,21,'204','Yaonáhuac',CONVERT(datetime,'01/01/2022',103),NULL,'I'),
(2076,30,'204','Agua Dulce',CONVERT(datetime,'01/01/2022',103),NULL,'I'),
(2077,20,'205','San Juan Lalana',CONVERT(datetime,'01/01/2022',103),NULL,'I'),
(2078,21,'205','Yehualtepec',CONVERT(datetime,'01/01/2022',103),NULL,'I'),
(2079,30,'205','El Higo',CONVERT(datetime,'01/01/2022',103),NULL,'I'),
(2080,20,'206','San Juan de los Cués',CONVERT(datetime,'01/01/2022',103),NULL,'I'),
(2081,21,'206','Zacapala',CONVERT(datetime,'01/01/2022',103),NULL,'I'),
(2082,30,'206','Nanchital de Lázaro Cárdenas del Río',CONVERT(datetime,'01/01/2022',103),NULL,'I'),
(2083,20,'207','San Juan Mazatlán',CONVERT(datetime,'01/01/2022',103),NULL,'I'),
(2084,21,'207','Zacapoaxtla',CONVERT(datetime,'01/01/2022',103),NULL,'I'),
(2085,30,'207','Tres Valles',CONVERT(datetime,'01/01/2022',103),NULL,'I'),
(2086,20,'208','San Juan Mixtepec -Dto. 08 -',CONVERT(datetime,'01/01/2022',103),NULL,'I'),
(2087,21,'208','Zacatlán',CONVERT(datetime,'01/01/2022',103),NULL,'I'),
(2088,30,'208','Carlos A. Carrillo',CONVERT(datetime,'01/01/2022',103),NULL,'I'),
(2089,20,'209','San Juan Mixtepec -Dto. 26 -',CONVERT(datetime,'01/01/2022',103),NULL,'I'),
(2090,21,'209','Zapotitlán',CONVERT(datetime,'01/01/2022',103),NULL,'I'),
(2091,30,'209','Tatahuicapan de Juárez',CONVERT(datetime,'01/01/2022',103),NULL,'I'),
(2092,20,'210','San Juan Ñumí',CONVERT(datetime,'01/01/2022',103),NULL,'I'),
(2093,21,'210','Zapotitlán de Méndez',CONVERT(datetime,'01/01/2022',103),NULL,'I'),
(2094,30,'210','Uxpanapa',CONVERT(datetime,'01/01/2022',103),NULL,'I'),
(2095,20,'211','San Juan Ozolotepec',CONVERT(datetime,'01/01/2022',103),NULL,'I'),
(2096,21,'211','Zaragoza',CONVERT(datetime,'01/01/2022',103),NULL,'I'),
(2097,30,'211','San Rafael',CONVERT(datetime,'01/01/2022',103),NULL,'I'),
(2098,20,'212','San Juan Petlapa',CONVERT(datetime,'01/01/2022',103),NULL,'I'),
(2099,21,'212','Zautla',CONVERT(datetime,'01/01/2022',103),NULL,'I'),
(2100,30,'212','Santiago Sochiapan',CONVERT(datetime,'01/01/2022',103),NULL,'I'),
(2101,20,'213','San Juan Quiahije',CONVERT(datetime,'01/01/2022',103),NULL,'I'),
(2102,21,'213','Zihuateutla',CONVERT(datetime,'01/01/2022',103),NULL,'I'),
(2103,20,'214','San Juan Quiotepec',CONVERT(datetime,'01/01/2022',103),NULL,'I'),
(2104,21,'214','Zinacatepec',CONVERT(datetime,'01/01/2022',103),NULL,'I'),
(2105,20,'215','San Juan Sayultepec',CONVERT(datetime,'01/01/2022',103),NULL,'I'),
(2106,21,'215','Zongozotla',CONVERT(datetime,'01/01/2022',103),NULL,'I'),
(2107,20,'216','San Juan Tabaá',CONVERT(datetime,'01/01/2022',103),NULL,'I'),
(2108,21,'216','Zoquiapan',CONVERT(datetime,'01/01/2022',103),NULL,'I'),
(2109,20,'217','San Juan Tamazola',CONVERT(datetime,'01/01/2022',103),NULL,'I'),
(2110,21,'217','Zoquitlán',CONVERT(datetime,'01/01/2022',103),NULL,'I'),
(2111,20,'218','San Juan Teita',CONVERT(datetime,'01/01/2022',103),NULL,'I'),
(2112,20,'219','San Juan Teitipac',CONVERT(datetime,'01/01/2022',103),NULL,'I'),
(2113,20,'220','San Juan Tepeuxila',CONVERT(datetime,'01/01/2022',103),NULL,'I'),
(2114,20,'221','San Juan Teposcolula',CONVERT(datetime,'01/01/2022',103),NULL,'I'),
(2115,20,'222','San Juan Yaeé',CONVERT(datetime,'01/01/2022',103),NULL,'I'),
(2116,20,'223','San Juan Yatzona',CONVERT(datetime,'01/01/2022',103),NULL,'I'),
(2117,20,'224','San Juan Yucuita',CONVERT(datetime,'01/01/2022',103),NULL,'I'),
(2118,20,'225','San Lorenzo',CONVERT(datetime,'01/01/2022',103),NULL,'I'),
(2119,20,'226','San Lorenzo Albarradas',CONVERT(datetime,'01/01/2022',103),NULL,'I'),
(2120,20,'227','San Lorenzo Cacaotepec',CONVERT(datetime,'01/01/2022',103),NULL,'I'),
(2121,20,'228','San Lorenzo Cuaunecuiltitla',CONVERT(datetime,'01/01/2022',103),NULL,'I'),
(2122,20,'229','San Lorenzo Texmelúcan',CONVERT(datetime,'01/01/2022',103),NULL,'I'),
(2123,20,'230','San Lorenzo Victoria',CONVERT(datetime,'01/01/2022',103),NULL,'I'),
(2124,20,'231','San Lucas Camotlán',CONVERT(datetime,'01/01/2022',103),NULL,'I'),
(2125,20,'232','San Lucas Ojitlán',CONVERT(datetime,'01/01/2022',103),NULL,'I'),
(2126,20,'233','San Lucas Quiaviní',CONVERT(datetime,'01/01/2022',103),NULL,'I'),
(2127,20,'234','San Lucas Zoquiápam',CONVERT(datetime,'01/01/2022',103),NULL,'I'),
(2128,20,'235','San Luis Amatlán',CONVERT(datetime,'01/01/2022',103),NULL,'I'),
(2129,20,'236','San Marcial Ozolotepec',CONVERT(datetime,'01/01/2022',103),NULL,'I'),
(2130,20,'237','San Marcos Arteaga',CONVERT(datetime,'01/01/2022',103),NULL,'I'),
(2131,20,'238','San Martín de los Cansecos',CONVERT(datetime,'01/01/2022',103),NULL,'I'),
(2132,20,'239','San Martín Huamelúlpam',CONVERT(datetime,'01/01/2022',103),NULL,'I'),
(2133,20,'240','San Martín Itunyoso',CONVERT(datetime,'01/01/2022',103),NULL,'I'),
(2134,20,'241','San Martín Lachilá',CONVERT(datetime,'01/01/2022',103),NULL,'I'),
(2135,20,'242','San Martín Peras',CONVERT(datetime,'01/01/2022',103),NULL,'I'),
(2136,20,'243','San Martín Tilcajete',CONVERT(datetime,'01/01/2022',103),NULL,'I'),
(2137,20,'244','San Martín Toxpalan',CONVERT(datetime,'01/01/2022',103),NULL,'I'),
(2138,20,'245','San Martín Zacatepec',CONVERT(datetime,'01/01/2022',103),NULL,'I'),
(2139,20,'246','San Mateo Cajonos',CONVERT(datetime,'01/01/2022',103),NULL,'I'),
(2140,20,'247','Capulálpam de Méndez',CONVERT(datetime,'01/01/2022',103),NULL,'I'),
(2141,20,'248','San Mateo del Mar',CONVERT(datetime,'01/01/2022',103),NULL,'I'),
(2142,20,'249','San Mateo Yoloxochitlán',CONVERT(datetime,'01/01/2022',103),NULL,'I'),
(2143,20,'250','San Mateo Etlatongo',CONVERT(datetime,'01/01/2022',103),NULL,'I'),
(2144,20,'251','San Mateo Nejápam',CONVERT(datetime,'01/01/2022',103),NULL,'I'),
(2145,20,'252','San Mateo Peñasco',CONVERT(datetime,'01/01/2022',103),NULL,'I'),
(2146,20,'253','San Mateo Piñas',CONVERT(datetime,'01/01/2022',103),NULL,'I'),
(2147,20,'254','San Mateo Río Hondo',CONVERT(datetime,'01/01/2022',103),NULL,'I'),
(2148,20,'255','San Mateo Sindihui',CONVERT(datetime,'01/01/2022',103),NULL,'I'),
(2149,20,'256','San Mateo Tlapiltepec',CONVERT(datetime,'01/01/2022',103),NULL,'I'),
(2150,20,'257','San Melchor Betaza',CONVERT(datetime,'01/01/2022',103),NULL,'I'),
(2151,20,'258','San Miguel Achiutla',CONVERT(datetime,'01/01/2022',103),NULL,'I'),
(2152,20,'259','San Miguel Ahuehuetitlán',CONVERT(datetime,'01/01/2022',103),NULL,'I'),
(2153,20,'260','San Miguel Aloápam',CONVERT(datetime,'01/01/2022',103),NULL,'I'),
(2154,20,'261','San Miguel Amatitlán',CONVERT(datetime,'01/01/2022',103),NULL,'I'),
(2155,20,'262','San Miguel Amatlán',CONVERT(datetime,'01/01/2022',103),NULL,'I'),
(2156,20,'263','San Miguel Coatlán',CONVERT(datetime,'01/01/2022',103),NULL,'I'),
(2157,20,'264','San Miguel Chicahua',CONVERT(datetime,'01/01/2022',103),NULL,'I'),
(2158,20,'265','San Miguel Chimalapa',CONVERT(datetime,'01/01/2022',103),NULL,'I'),
(2159,20,'266','San Miguel del Puerto',CONVERT(datetime,'01/01/2022',103),NULL,'I'),
(2160,20,'267','San Miguel del Río',CONVERT(datetime,'01/01/2022',103),NULL,'I'),
(2161,20,'268','San Miguel Ejutla',CONVERT(datetime,'01/01/2022',103),NULL,'I'),
(2162,20,'269','San Miguel el Grande',CONVERT(datetime,'01/01/2022',103),NULL,'I'),
(2163,20,'270','San Miguel Huautla',CONVERT(datetime,'01/01/2022',103),NULL,'I'),
(2164,20,'271','San Miguel Mixtepec',CONVERT(datetime,'01/01/2022',103),NULL,'I'),
(2165,20,'272','San Miguel Panixtlahuaca',CONVERT(datetime,'01/01/2022',103),NULL,'I'),
(2166,20,'273','San Miguel Peras',CONVERT(datetime,'01/01/2022',103),NULL,'I'),
(2167,20,'274','San Miguel Piedras',CONVERT(datetime,'01/01/2022',103),NULL,'I'),
(2168,20,'275','San Miguel Quetzaltepec',CONVERT(datetime,'01/01/2022',103),NULL,'I'),
(2169,20,'276','San Miguel Santa Flor',CONVERT(datetime,'01/01/2022',103),NULL,'I'),
(2170,20,'277','Villa Sola de Vega',CONVERT(datetime,'01/01/2022',103),NULL,'I'),
(2171,20,'278','San Miguel Soyaltepec',CONVERT(datetime,'01/01/2022',103),NULL,'I'),
(2172,20,'279','San Miguel Suchixtepec',CONVERT(datetime,'01/01/2022',103),NULL,'I'),
(2173,20,'280','Villa Talea de Castro',CONVERT(datetime,'01/01/2022',103),NULL,'I'),
(2174,20,'281','San Miguel Tecomatlán',CONVERT(datetime,'01/01/2022',103),NULL,'I'),
(2175,20,'282','San Miguel Tenango',CONVERT(datetime,'01/01/2022',103),NULL,'I'),
(2176,20,'283','San Miguel Tequixtepec',CONVERT(datetime,'01/01/2022',103),NULL,'I'),
(2177,20,'284','San Miguel Tilquiápam',CONVERT(datetime,'01/01/2022',103),NULL,'I'),
(2178,20,'285','San Miguel Tlacamama',CONVERT(datetime,'01/01/2022',103),NULL,'I'),
(2179,20,'286','San Miguel Tlacotepec',CONVERT(datetime,'01/01/2022',103),NULL,'I'),
(2180,20,'287','San Miguel Tulancingo',CONVERT(datetime,'01/01/2022',103),NULL,'I'),
(2181,20,'288','San Miguel Yotao',CONVERT(datetime,'01/01/2022',103),NULL,'I'),
(2182,20,'289','San Nicolás',CONVERT(datetime,'01/01/2022',103),NULL,'I'),
(2183,20,'290','San Nicolás Hidalgo',CONVERT(datetime,'01/01/2022',103),NULL,'I'),
(2184,20,'291','San Pablo Coatlán',CONVERT(datetime,'01/01/2022',103),NULL,'I'),
(2185,20,'292','San Pablo Cuatro Venados',CONVERT(datetime,'01/01/2022',103),NULL,'I'),
(2186,20,'293','San Pablo Etla',CONVERT(datetime,'01/01/2022',103),NULL,'I'),
(2187,20,'294','San Pablo Huitzo',CONVERT(datetime,'01/01/2022',103),NULL,'I'),
(2188,20,'295','San Pablo Huixtepec',CONVERT(datetime,'01/01/2022',103),NULL,'I'),
(2189,20,'296','San Pablo Macuiltianguis',CONVERT(datetime,'01/01/2022',103),NULL,'I'),
(2190,20,'297','San Pablo Tijaltepec',CONVERT(datetime,'01/01/2022',103),NULL,'I'),
(2191,20,'298','San Pablo Villa de Mitla',CONVERT(datetime,'01/01/2022',103),NULL,'I'),
(2192,20,'299','San Pablo Yaganiza',CONVERT(datetime,'01/01/2022',103),NULL,'I'),
(2193,20,'300','San Pedro Amuzgos',CONVERT(datetime,'01/01/2022',103),NULL,'I'),
(2194,20,'301','San Pedro Apóstol',CONVERT(datetime,'01/01/2022',103),NULL,'I'),
(2195,20,'302','San Pedro Atoyac',CONVERT(datetime,'01/01/2022',103),NULL,'I'),
(2196,20,'303','San Pedro Cajonos',CONVERT(datetime,'01/01/2022',103),NULL,'I'),
(2197,20,'304','San Pedro Coxcaltepec Cántaros',CONVERT(datetime,'01/01/2022',103),NULL,'I'),
(2198,20,'305','San Pedro Comitancillo',CONVERT(datetime,'01/01/2022',103),NULL,'I'),
(2199,20,'306','San Pedro el Alto',CONVERT(datetime,'01/01/2022',103),NULL,'I'),
(2200,20,'307','San Pedro Huamelula',CONVERT(datetime,'01/01/2022',103),NULL,'I'),
(2201,20,'308','San Pedro Huilotepec',CONVERT(datetime,'01/01/2022',103),NULL,'I'),
(2202,20,'309','San Pedro Ixcatlán',CONVERT(datetime,'01/01/2022',103),NULL,'I'),
(2203,20,'310','San Pedro Ixtlahuaca',CONVERT(datetime,'01/01/2022',103),NULL,'I'),
(2204,20,'311','San Pedro Jaltepetongo',CONVERT(datetime,'01/01/2022',103),NULL,'I'),
(2205,20,'312','San Pedro Jicayán',CONVERT(datetime,'01/01/2022',103),NULL,'I'),
(2206,20,'313','San Pedro Jocotipac',CONVERT(datetime,'01/01/2022',103),NULL,'I'),
(2207,20,'314','San Pedro Juchatengo',CONVERT(datetime,'01/01/2022',103),NULL,'I'),
(2208,20,'315','San Pedro Mártir',CONVERT(datetime,'01/01/2022',103),NULL,'I'),
(2209,20,'316','San Pedro Mártir Quiechapa',CONVERT(datetime,'01/01/2022',103),NULL,'I'),
(2210,20,'317','San Pedro Mártir Yucuxaco',CONVERT(datetime,'01/01/2022',103),NULL,'I'),
(2211,20,'318','San Pedro Mixtepec -Dto. 22 -',CONVERT(datetime,'01/01/2022',103),NULL,'I'),
(2212,20,'319','San Pedro Mixtepec -Dto. 26 -',CONVERT(datetime,'01/01/2022',103),NULL,'I'),
(2213,20,'320','San Pedro Molinos',CONVERT(datetime,'01/01/2022',103),NULL,'I'),
(2214,20,'321','San Pedro Nopala',CONVERT(datetime,'01/01/2022',103),NULL,'I'),
(2215,20,'322','San Pedro Ocopetatillo',CONVERT(datetime,'01/01/2022',103),NULL,'I'),
(2216,20,'323','San Pedro Ocotepec',CONVERT(datetime,'01/01/2022',103),NULL,'I'),
(2217,20,'324','San Pedro Pochutla',CONVERT(datetime,'01/01/2022',103),NULL,'I'),
(2218,20,'325','San Pedro Quiatoni',CONVERT(datetime,'01/01/2022',103),NULL,'I'),
(2219,20,'326','San Pedro Sochiápam',CONVERT(datetime,'01/01/2022',103),NULL,'I'),
(2220,20,'327','San Pedro Tapanatepec',CONVERT(datetime,'01/01/2022',103),NULL,'I'),
(2221,20,'328','San Pedro Taviche',CONVERT(datetime,'01/01/2022',103),NULL,'I'),
(2222,20,'329','San Pedro Teozacoalco',CONVERT(datetime,'01/01/2022',103),NULL,'I'),
(2223,20,'330','San Pedro Teutila',CONVERT(datetime,'01/01/2022',103),NULL,'I'),
(2224,20,'331','San Pedro Tidaá',CONVERT(datetime,'01/01/2022',103),NULL,'I'),
(2225,20,'332','San Pedro Topiltepec',CONVERT(datetime,'01/01/2022',103),NULL,'I'),
(2226,20,'333','San Pedro Totolápam',CONVERT(datetime,'01/01/2022',103),NULL,'I'),
(2227,20,'334','Villa de Tututepec de Melchor Ocampo',CONVERT(datetime,'01/01/2022',103),NULL,'I'),
(2228,20,'335','San Pedro Yaneri',CONVERT(datetime,'01/01/2022',103),NULL,'I'),
(2229,20,'336','San Pedro Yólox',CONVERT(datetime,'01/01/2022',103),NULL,'I'),
(2230,20,'337','San Pedro y San Pablo Ayutla',CONVERT(datetime,'01/01/2022',103),NULL,'I'),
(2231,20,'338','Villa de Etla',CONVERT(datetime,'01/01/2022',103),NULL,'I'),
(2232,20,'339','San Pedro y San Pablo Teposcolula',CONVERT(datetime,'01/01/2022',103),NULL,'I'),
(2233,20,'340','San Pedro y San Pablo Tequixtepec',CONVERT(datetime,'01/01/2022',103),NULL,'I'),
(2234,20,'341','San Pedro Yucunama',CONVERT(datetime,'01/01/2022',103),NULL,'I'),
(2235,20,'342','San Raymundo Jalpan',CONVERT(datetime,'01/01/2022',103),NULL,'I'),
(2236,20,'343','San Sebastián Abasolo',CONVERT(datetime,'01/01/2022',103),NULL,'I'),
(2237,20,'344','San Sebastián Coatlán',CONVERT(datetime,'01/01/2022',103),NULL,'I'),
(2238,20,'345','San Sebastián Ixcapa',CONVERT(datetime,'01/01/2022',103),NULL,'I'),
(2239,20,'346','San Sebastián Nicananduta',CONVERT(datetime,'01/01/2022',103),NULL,'I'),
(2240,20,'347','San Sebastián Río Hondo',CONVERT(datetime,'01/01/2022',103),NULL,'I'),
(2241,20,'348','San Sebastián Tecomaxtlahuaca',CONVERT(datetime,'01/01/2022',103),NULL,'I'),
(2242,20,'349','San Sebastián Teitipac',CONVERT(datetime,'01/01/2022',103),NULL,'I'),
(2243,20,'350','San Sebastián Tutla',CONVERT(datetime,'01/01/2022',103),NULL,'I'),
(2244,20,'351','San Simón Almolongas',CONVERT(datetime,'01/01/2022',103),NULL,'I'),
(2245,20,'352','San Simón Zahuatlán',CONVERT(datetime,'01/01/2022',103),NULL,'I'),
(2246,20,'353','Santa Ana',CONVERT(datetime,'01/01/2022',103),NULL,'I'),
(2247,20,'354','Santa Ana Ateixtlahuaca',CONVERT(datetime,'01/01/2022',103),NULL,'I'),
(2248,20,'355','Santa Ana Cuauhtémoc',CONVERT(datetime,'01/01/2022',103),NULL,'I'),
(2249,20,'356','Santa Ana del Valle',CONVERT(datetime,'01/01/2022',103),NULL,'I'),
(2250,20,'357','Santa Ana Tavela',CONVERT(datetime,'01/01/2022',103),NULL,'I'),
(2251,20,'358','Santa Ana Tlapacoyan',CONVERT(datetime,'01/01/2022',103),NULL,'I'),
(2252,20,'359','Santa Ana Yareni',CONVERT(datetime,'01/01/2022',103),NULL,'I'),
(2253,20,'360','Santa Ana Zegache',CONVERT(datetime,'01/01/2022',103),NULL,'I'),
(2254,20,'361','Santa Catalina Quierí',CONVERT(datetime,'01/01/2022',103),NULL,'I'),
(2255,20,'362','Santa Catarina Cuixtla',CONVERT(datetime,'01/01/2022',103),NULL,'I'),
(2256,20,'363','Santa Catarina Ixtepeji',CONVERT(datetime,'01/01/2022',103),NULL,'I'),
(2257,20,'364','Santa Catarina Juquila',CONVERT(datetime,'01/01/2022',103),NULL,'I'),
(2258,20,'365','Santa Catarina Lachatao',CONVERT(datetime,'01/01/2022',103),NULL,'I'),
(2259,20,'366','Santa Catarina Loxicha',CONVERT(datetime,'01/01/2022',103),NULL,'I'),
(2260,20,'367','Santa Catarina Mechoacán',CONVERT(datetime,'01/01/2022',103),NULL,'I'),
(2261,20,'368','Santa Catarina Minas',CONVERT(datetime,'01/01/2022',103),NULL,'I'),
(2262,20,'369','Santa Catarina Quiané',CONVERT(datetime,'01/01/2022',103),NULL,'I'),
(2263,20,'370','Santa Catarina Tayata',CONVERT(datetime,'01/01/2022',103),NULL,'I'),
(2264,20,'371','Santa Catarina Ticuá',CONVERT(datetime,'01/01/2022',103),NULL,'I'),
(2265,20,'372','Santa Catarina Yosonotú',CONVERT(datetime,'01/01/2022',103),NULL,'I'),
(2266,20,'373','Santa Catarina Zapoquila',CONVERT(datetime,'01/01/2022',103),NULL,'I'),
(2267,20,'374','Santa Cruz Acatepec',CONVERT(datetime,'01/01/2022',103),NULL,'I'),
(2268,20,'375','Santa Cruz Amilpas',CONVERT(datetime,'01/01/2022',103),NULL,'I'),
(2269,20,'376','Santa Cruz de Bravo',CONVERT(datetime,'01/01/2022',103),NULL,'I'),
(2270,20,'377','Santa Cruz Itundujia',CONVERT(datetime,'01/01/2022',103),NULL,'I'),
(2271,20,'378','Santa Cruz Mixtepec',CONVERT(datetime,'01/01/2022',103),NULL,'I'),
(2272,20,'379','Santa Cruz Nundaco',CONVERT(datetime,'01/01/2022',103),NULL,'I'),
(2273,20,'380','Santa Cruz Papalutla',CONVERT(datetime,'01/01/2022',103),NULL,'I'),
(2274,20,'381','Santa Cruz Tacache de Mina',CONVERT(datetime,'01/01/2022',103),NULL,'I'),
(2275,20,'382','Santa Cruz Tacahua',CONVERT(datetime,'01/01/2022',103),NULL,'I'),
(2276,20,'383','Santa Cruz Tayata',CONVERT(datetime,'01/01/2022',103),NULL,'I'),
(2277,20,'384','Santa Cruz Xitla',CONVERT(datetime,'01/01/2022',103),NULL,'I'),
(2278,20,'385','Santa Cruz Xoxocotlán',CONVERT(datetime,'01/01/2022',103),NULL,'I'),
(2279,20,'386','Santa Cruz Zenzontepec',CONVERT(datetime,'01/01/2022',103),NULL,'I'),
(2280,20,'387','Santa Gertrudis',CONVERT(datetime,'01/01/2022',103),NULL,'I'),
(2281,20,'388','Santa Inés del Monte',CONVERT(datetime,'01/01/2022',103),NULL,'I'),
(2282,20,'389','Santa Inés Yatzeche',CONVERT(datetime,'01/01/2022',103),NULL,'I'),
(2283,20,'390','Santa Lucía del Camino',CONVERT(datetime,'01/01/2022',103),NULL,'I'),
(2284,20,'391','Santa Lucía Miahuatlán',CONVERT(datetime,'01/01/2022',103),NULL,'I'),
(2285,20,'392','Santa Lucía Monteverde',CONVERT(datetime,'01/01/2022',103),NULL,'I'),
(2286,20,'393','Santa Lucía Ocotlán',CONVERT(datetime,'01/01/2022',103),NULL,'I'),
(2287,20,'394','Santa María Alotepec',CONVERT(datetime,'01/01/2022',103),NULL,'I'),
(2288,20,'395','Santa María Apazco',CONVERT(datetime,'01/01/2022',103),NULL,'I'),
(2289,20,'396','Santa María la Asunción',CONVERT(datetime,'01/01/2022',103),NULL,'I'),
(2290,20,'397','Heroica Ciudad de Tlaxiaco',CONVERT(datetime,'01/01/2022',103),NULL,'I'),
(2291,20,'398','Ayoquezco de Aldama',CONVERT(datetime,'01/01/2022',103),NULL,'I'),
(2292,20,'399','Santa María Atzompa',CONVERT(datetime,'01/01/2022',103),NULL,'I'),
(2293,20,'400','Santa María Camotlán',CONVERT(datetime,'01/01/2022',103),NULL,'I'),
(2294,20,'401','Santa María Colotepec',CONVERT(datetime,'01/01/2022',103),NULL,'I'),
(2295,20,'402','Santa María Cortijo',CONVERT(datetime,'01/01/2022',103),NULL,'I'),
(2296,20,'403','Santa María Coyotepec',CONVERT(datetime,'01/01/2022',103),NULL,'I'),
(2297,20,'404','Santa María Chachoápam',CONVERT(datetime,'01/01/2022',103),NULL,'I'),
(2298,20,'405','Villa de Chilapa de Díaz',CONVERT(datetime,'01/01/2022',103),NULL,'I'),
(2299,20,'406','Santa María Chilchotla',CONVERT(datetime,'01/01/2022',103),NULL,'I'),
(2300,20,'407','Santa María Chimalapa',CONVERT(datetime,'01/01/2022',103),NULL,'I'),
(2301,20,'408','Santa María del Rosario',CONVERT(datetime,'01/01/2022',103),NULL,'I'),
(2302,20,'409','Santa María del Tule',CONVERT(datetime,'01/01/2022',103),NULL,'I'),
(2303,20,'410','Santa María Ecatepec',CONVERT(datetime,'01/01/2022',103),NULL,'I'),
(2304,20,'411','Santa María Guelacé',CONVERT(datetime,'01/01/2022',103),NULL,'I'),
(2305,20,'412','Santa María Guienagati',CONVERT(datetime,'01/01/2022',103),NULL,'I'),
(2306,20,'413','Santa María Huatulco',CONVERT(datetime,'01/01/2022',103),NULL,'I'),
(2307,20,'414','Santa María Huazolotitlán',CONVERT(datetime,'01/01/2022',103),NULL,'I'),
(2308,20,'415','Santa María Ipalapa',CONVERT(datetime,'01/01/2022',103),NULL,'I'),
(2309,20,'416','Santa María Ixcatlán',CONVERT(datetime,'01/01/2022',103),NULL,'I'),
(2310,20,'417','Santa María Jacatepec',CONVERT(datetime,'01/01/2022',103),NULL,'I'),
(2311,20,'418','Santa María Jalapa del Marqués',CONVERT(datetime,'01/01/2022',103),NULL,'I'),
(2312,20,'419','Santa María Jaltianguis',CONVERT(datetime,'01/01/2022',103),NULL,'I'),
(2313,20,'420','Santa María Lachixío',CONVERT(datetime,'01/01/2022',103),NULL,'I'),
(2314,20,'421','Santa María Mixtequilla',CONVERT(datetime,'01/01/2022',103),NULL,'I'),
(2315,20,'422','Santa María Nativitas',CONVERT(datetime,'01/01/2022',103),NULL,'I'),
(2316,20,'423','Santa María Nduayaco',CONVERT(datetime,'01/01/2022',103),NULL,'I'),
(2317,20,'424','Santa María Ozolotepec',CONVERT(datetime,'01/01/2022',103),NULL,'I'),
(2318,20,'425','Santa María Pápalo',CONVERT(datetime,'01/01/2022',103),NULL,'I'),
(2319,20,'426','Santa María Peñoles',CONVERT(datetime,'01/01/2022',103),NULL,'I'),
(2320,20,'427','Santa María Petapa',CONVERT(datetime,'01/01/2022',103),NULL,'I'),
(2321,20,'428','Santa María Quiegolani',CONVERT(datetime,'01/01/2022',103),NULL,'I'),
(2322,20,'429','Santa María Sola',CONVERT(datetime,'01/01/2022',103),NULL,'I'),
(2323,20,'430','Santa María Tataltepec',CONVERT(datetime,'01/01/2022',103),NULL,'I'),
(2324,20,'431','Santa María Tecomavaca',CONVERT(datetime,'01/01/2022',103),NULL,'I'),
(2325,20,'432','Santa María Temaxcalapa',CONVERT(datetime,'01/01/2022',103),NULL,'I'),
(2326,20,'433','Santa María Temaxcaltepec',CONVERT(datetime,'01/01/2022',103),NULL,'I'),
(2327,20,'434','Santa María Teopoxco',CONVERT(datetime,'01/01/2022',103),NULL,'I'),
(2328,20,'435','Santa María Tepantlali',CONVERT(datetime,'01/01/2022',103),NULL,'I'),
(2329,20,'436','Santa María Texcatitlán',CONVERT(datetime,'01/01/2022',103),NULL,'I'),
(2330,20,'437','Santa María Tlahuitoltepec',CONVERT(datetime,'01/01/2022',103),NULL,'I'),
(2331,20,'438','Santa María Tlalixtac',CONVERT(datetime,'01/01/2022',103),NULL,'I'),
(2332,20,'439','Santa María Tonameca',CONVERT(datetime,'01/01/2022',103),NULL,'I'),
(2333,20,'440','Santa María Totolapilla',CONVERT(datetime,'01/01/2022',103),NULL,'I'),
(2334,20,'441','Santa María Xadani',CONVERT(datetime,'01/01/2022',103),NULL,'I'),
(2335,20,'442','Santa María Yalina',CONVERT(datetime,'01/01/2022',103),NULL,'I'),
(2336,20,'443','Santa María Yavesía',CONVERT(datetime,'01/01/2022',103),NULL,'I'),
(2337,20,'444','Santa María Yolotepec',CONVERT(datetime,'01/01/2022',103),NULL,'I'),
(2338,20,'445','Santa María Yosoyúa',CONVERT(datetime,'01/01/2022',103),NULL,'I'),
(2339,20,'446','Santa María Yucuhiti',CONVERT(datetime,'01/01/2022',103),NULL,'I'),
(2340,20,'447','Santa María Zacatepec',CONVERT(datetime,'01/01/2022',103),NULL,'I'),
(2341,20,'448','Santa María Zaniza',CONVERT(datetime,'01/01/2022',103),NULL,'I'),
(2342,20,'449','Santa María Zoquitlán',CONVERT(datetime,'01/01/2022',103),NULL,'I'),
(2343,20,'450','Santiago Amoltepec',CONVERT(datetime,'01/01/2022',103),NULL,'I'),
(2344,20,'451','Santiago Apoala',CONVERT(datetime,'01/01/2022',103),NULL,'I'),
(2345,20,'452','Santiago Apóstol',CONVERT(datetime,'01/01/2022',103),NULL,'I'),
(2346,20,'453','Santiago Astata',CONVERT(datetime,'01/01/2022',103),NULL,'I'),
(2347,20,'454','Santiago Atitlán',CONVERT(datetime,'01/01/2022',103),NULL,'I'),
(2348,20,'455','Santiago Ayuquililla',CONVERT(datetime,'01/01/2022',103),NULL,'I'),
(2349,20,'456','Santiago Cacaloxtepec',CONVERT(datetime,'01/01/2022',103),NULL,'I'),
(2350,20,'457','Santiago Camotlán',CONVERT(datetime,'01/01/2022',103),NULL,'I'),
(2351,20,'458','Santiago Comaltepec',CONVERT(datetime,'01/01/2022',103),NULL,'I'),
(2352,20,'459','Santiago Chazumba',CONVERT(datetime,'01/01/2022',103),NULL,'I'),
(2353,20,'460','Santiago Choápam',CONVERT(datetime,'01/01/2022',103),NULL,'I'),
(2354,20,'461','Santiago del Río',CONVERT(datetime,'01/01/2022',103),NULL,'I'),
(2355,20,'462','Santiago Huajolotitlán',CONVERT(datetime,'01/01/2022',103),NULL,'I'),
(2356,20,'463','Santiago Huauclilla',CONVERT(datetime,'01/01/2022',103),NULL,'I'),
(2357,20,'464','Santiago Ihuitlán Plumas',CONVERT(datetime,'01/01/2022',103),NULL,'I'),
(2358,20,'465','Santiago Ixcuintepec',CONVERT(datetime,'01/01/2022',103),NULL,'I'),
(2359,20,'466','Santiago Ixtayutla',CONVERT(datetime,'01/01/2022',103),NULL,'I'),
(2360,20,'467','Santiago Jamiltepec',CONVERT(datetime,'01/01/2022',103),NULL,'I'),
(2361,20,'468','Santiago Jocotepec',CONVERT(datetime,'01/01/2022',103),NULL,'I'),
(2362,20,'469','Santiago Juxtlahuaca',CONVERT(datetime,'01/01/2022',103),NULL,'I'),
(2363,20,'470','Santiago Lachiguiri',CONVERT(datetime,'01/01/2022',103),NULL,'I'),
(2364,20,'471','Santiago Lalopa',CONVERT(datetime,'01/01/2022',103),NULL,'I'),
(2365,20,'472','Santiago Laollaga',CONVERT(datetime,'01/01/2022',103),NULL,'I'),
(2366,20,'473','Santiago Laxopa',CONVERT(datetime,'01/01/2022',103),NULL,'I'),
(2367,20,'474','Santiago Llano Grande',CONVERT(datetime,'01/01/2022',103),NULL,'I'),
(2368,20,'475','Santiago Matatlán',CONVERT(datetime,'01/01/2022',103),NULL,'I'),
(2369,20,'476','Santiago Miltepec',CONVERT(datetime,'01/01/2022',103),NULL,'I'),
(2370,20,'477','Santiago Minas',CONVERT(datetime,'01/01/2022',103),NULL,'I'),
(2371,20,'478','Santiago Nacaltepec',CONVERT(datetime,'01/01/2022',103),NULL,'I'),
(2372,20,'479','Santiago Nejapilla',CONVERT(datetime,'01/01/2022',103),NULL,'I'),
(2373,20,'480','Santiago Nundiche',CONVERT(datetime,'01/01/2022',103),NULL,'I'),
(2374,20,'481','Santiago Nuyoó',CONVERT(datetime,'01/01/2022',103),NULL,'I'),
(2375,20,'482','Santiago Pinotepa Nacional',CONVERT(datetime,'01/01/2022',103),NULL,'I'),
(2376,20,'483','Santiago Suchilquitongo',CONVERT(datetime,'01/01/2022',103),NULL,'I'),
(2377,20,'484','Santiago Tamazola',CONVERT(datetime,'01/01/2022',103),NULL,'I'),
(2378,20,'485','Santiago Tapextla',CONVERT(datetime,'01/01/2022',103),NULL,'I'),
(2379,20,'486','Villa Tejúpam de la Unión',CONVERT(datetime,'01/01/2022',103),NULL,'I'),
(2380,20,'487','Santiago Tenango',CONVERT(datetime,'01/01/2022',103),NULL,'I'),
(2381,20,'488','Santiago Tepetlapa',CONVERT(datetime,'01/01/2022',103),NULL,'I'),
(2382,20,'489','Santiago Tetepec',CONVERT(datetime,'01/01/2022',103),NULL,'I'),
(2383,20,'490','Santiago Texcalcingo',CONVERT(datetime,'01/01/2022',103),NULL,'I'),
(2384,20,'491','Santiago Textitlán',CONVERT(datetime,'01/01/2022',103),NULL,'I'),
(2385,20,'492','Santiago Tilantongo',CONVERT(datetime,'01/01/2022',103),NULL,'I'),
(2386,20,'493','Santiago Tillo',CONVERT(datetime,'01/01/2022',103),NULL,'I'),
(2387,20,'494','Santiago Tlazoyaltepec',CONVERT(datetime,'01/01/2022',103),NULL,'I'),
(2388,20,'495','Santiago Xanica',CONVERT(datetime,'01/01/2022',103),NULL,'I'),
(2389,20,'496','Santiago Xiacuí',CONVERT(datetime,'01/01/2022',103),NULL,'I'),
(2390,20,'497','Santiago Yaitepec',CONVERT(datetime,'01/01/2022',103),NULL,'I'),
(2391,20,'498','Santiago Yaveo',CONVERT(datetime,'01/01/2022',103),NULL,'I'),
(2392,20,'499','Santiago Yolomécatl',CONVERT(datetime,'01/01/2022',103),NULL,'I'),
(2393,20,'500','Santiago Yosondúa',CONVERT(datetime,'01/01/2022',103),NULL,'I'),
(2394,20,'501','Santiago Yucuyachi',CONVERT(datetime,'01/01/2022',103),NULL,'I'),
(2395,20,'502','Santiago Zacatepec',CONVERT(datetime,'01/01/2022',103),NULL,'I'),
(2396,20,'503','Santiago Zoochila',CONVERT(datetime,'01/01/2022',103),NULL,'I'),
(2397,20,'504','Nuevo Zoquiápam',CONVERT(datetime,'01/01/2022',103),NULL,'I'),
(2398,20,'505','Santo Domingo Ingenio',CONVERT(datetime,'01/01/2022',103),NULL,'I'),
(2399,20,'506','Santo Domingo Albarradas',CONVERT(datetime,'01/01/2022',103),NULL,'I'),
(2400,20,'507','Santo Domingo Armenta',CONVERT(datetime,'01/01/2022',103),NULL,'I'),
(2401,20,'508','Santo Domingo Chihuitán',CONVERT(datetime,'01/01/2022',103),NULL,'I'),
(2402,20,'509','Santo Domingo de Morelos',CONVERT(datetime,'01/01/2022',103),NULL,'I'),
(2403,20,'510','Santo Domingo Ixcatlán',CONVERT(datetime,'01/01/2022',103),NULL,'I'),
(2404,20,'511','Santo Domingo Nuxaá',CONVERT(datetime,'01/01/2022',103),NULL,'I'),
(2405,20,'512','Santo Domingo Ozolotepec',CONVERT(datetime,'01/01/2022',103),NULL,'I'),
(2406,20,'513','Santo Domingo Petapa',CONVERT(datetime,'01/01/2022',103),NULL,'I'),
(2407,20,'514','Santo Domingo Roayaga',CONVERT(datetime,'01/01/2022',103),NULL,'I'),
(2408,20,'515','Santo Domingo Tehuantepec',CONVERT(datetime,'01/01/2022',103),NULL,'I'),
(2409,20,'516','Santo Domingo Teojomulco',CONVERT(datetime,'01/01/2022',103),NULL,'I'),
(2410,20,'517','Santo Domingo Tepuxtepec',CONVERT(datetime,'01/01/2022',103),NULL,'I'),
(2411,20,'518','Santo Domingo Tlatayápam',CONVERT(datetime,'01/01/2022',103),NULL,'I'),
(2412,20,'519','Santo Domingo Tomaltepec',CONVERT(datetime,'01/01/2022',103),NULL,'I'),
(2413,20,'520','Santo Domingo Tonalá',CONVERT(datetime,'01/01/2022',103),NULL,'I'),
(2414,20,'521','Santo Domingo Tonaltepec',CONVERT(datetime,'01/01/2022',103),NULL,'I'),
(2415,20,'522','Santo Domingo Xagacía',CONVERT(datetime,'01/01/2022',103),NULL,'I'),
(2416,20,'523','Santo Domingo Yanhuitlán',CONVERT(datetime,'01/01/2022',103),NULL,'I'),
(2417,20,'524','Santo Domingo Yodohino',CONVERT(datetime,'01/01/2022',103),NULL,'I'),
(2418,20,'525','Santo Domingo Zanatepec',CONVERT(datetime,'01/01/2022',103),NULL,'I'),
(2419,20,'526','Santos Reyes Nopala',CONVERT(datetime,'01/01/2022',103),NULL,'I'),
(2420,20,'527','Santos Reyes Pápalo',CONVERT(datetime,'01/01/2022',103),NULL,'I'),
(2421,20,'528','Santos Reyes Tepejillo',CONVERT(datetime,'01/01/2022',103),NULL,'I'),
(2422,20,'529','Santos Reyes Yucuná',CONVERT(datetime,'01/01/2022',103),NULL,'I'),
(2423,20,'530','Santo Tomás Jalieza',CONVERT(datetime,'01/01/2022',103),NULL,'I'),
(2424,20,'531','Santo Tomás Mazaltepec',CONVERT(datetime,'01/01/2022',103),NULL,'I'),
(2425,20,'532','Santo Tomás Ocotepec',CONVERT(datetime,'01/01/2022',103),NULL,'I'),
(2426,20,'533','Santo Tomás Tamazulapan',CONVERT(datetime,'01/01/2022',103),NULL,'I'),
(2427,20,'534','San Vicente Coatlán',CONVERT(datetime,'01/01/2022',103),NULL,'I'),
(2428,20,'535','San Vicente Lachixío',CONVERT(datetime,'01/01/2022',103),NULL,'I'),
(2429,20,'536','San Vicente Nuñú',CONVERT(datetime,'01/01/2022',103),NULL,'I'),
(2430,20,'537','Silacayoápam',CONVERT(datetime,'01/01/2022',103),NULL,'I'),
(2431,20,'538','Sitio de Xitlapehua',CONVERT(datetime,'01/01/2022',103),NULL,'I'),
(2432,20,'539','Soledad Etla',CONVERT(datetime,'01/01/2022',103),NULL,'I'),
(2433,20,'540','Villa de Tamazulápam del Progreso',CONVERT(datetime,'01/01/2022',103),NULL,'I'),
(2434,20,'541','Tanetze de Zaragoza',CONVERT(datetime,'01/01/2022',103),NULL,'I'),
(2435,20,'542','Taniche',CONVERT(datetime,'01/01/2022',103),NULL,'I'),
(2436,20,'543','Tataltepec de Valdés',CONVERT(datetime,'01/01/2022',103),NULL,'I'),
(2437,20,'544','Teococuilco de Marcos Pérez',CONVERT(datetime,'01/01/2022',103),NULL,'I'),
(2438,20,'545','Teotitlán de Flores Magón',CONVERT(datetime,'01/01/2022',103),NULL,'I'),
(2439,20,'546','Teotitlán del Valle',CONVERT(datetime,'01/01/2022',103),NULL,'I'),
(2440,20,'547','Teotongo',CONVERT(datetime,'01/01/2022',103),NULL,'I'),
(2441,20,'548','Tepelmeme Villa de Morelos',CONVERT(datetime,'01/01/2022',103),NULL,'I'),
(2442,20,'549','Tezoatlán de Segura y Luna',CONVERT(datetime,'01/01/2022',103),NULL,'I'),
(2443,20,'550','San Jerónimo Tlacochahuaya',CONVERT(datetime,'01/01/2022',103),NULL,'I'),
(2444,20,'551','Tlacolula de Matamoros',CONVERT(datetime,'01/01/2022',103),NULL,'I'),
(2445,20,'552','Tlacotepec Plumas',CONVERT(datetime,'01/01/2022',103),NULL,'I'),
(2446,20,'553','Tlalixtac de Cabrera',CONVERT(datetime,'01/01/2022',103),NULL,'I'),
(2447,20,'554','Totontepec Villa de Morelos',CONVERT(datetime,'01/01/2022',103),NULL,'I'),
(2448,20,'555','Trinidad Zaachila',CONVERT(datetime,'01/01/2022',103),NULL,'I'),
(2449,20,'556','La Trinidad Vista Hermosa',CONVERT(datetime,'01/01/2022',103),NULL,'I'),
(2450,20,'557','Unión Hidalgo',CONVERT(datetime,'01/01/2022',103),NULL,'I'),
(2451,20,'558','Valerio Trujano',CONVERT(datetime,'01/01/2022',103),NULL,'I'),
(2452,20,'559','San Juan Bautista Valle Nacional',CONVERT(datetime,'01/01/2022',103),NULL,'I'),
(2453,20,'560','Villa Díaz Ordaz',CONVERT(datetime,'01/01/2022',103),NULL,'I'),
(2454,20,'561','Yaxe',CONVERT(datetime,'01/01/2022',103),NULL,'I'),
(2455,20,'562','Magdalena Yodocono de Porfirio Díaz',CONVERT(datetime,'01/01/2022',103),NULL,'I'),
(2456,20,'563','Yogana',CONVERT(datetime,'01/01/2022',103),NULL,'I'),
(2457,20,'564','Yutanduchi de Guerrero',CONVERT(datetime,'01/01/2022',103),NULL,'I'),
(2458,20,'565','Villa de Zaachila',CONVERT(datetime,'01/01/2022',103),NULL,'I'),
(2459,20,'566','San Mateo Yucutindoo',CONVERT(datetime,'01/01/2022',103),NULL,'I'),
(2460,20,'567','Zapotitlán Lagunas',CONVERT(datetime,'01/01/2022',103),NULL,'I'),
(2461,20,'568','Zapotitlán Palmas',CONVERT(datetime,'01/01/2022',103),NULL,'I'),
(2462,20,'569','Santa Inés de Zaragoza',CONVERT(datetime,'01/01/2022',103),NULL,'I'),
(2463,20,'570','Zimatlán de Álvarez',CONVERT(datetime,'01/01/2022',103),NULL,'I')


SET IDENTITY_INSERT SatMunicipios OFF

SET IDENTITY_INSERT SatOrigenRecurso ON
GO
INSERT INTO SatOrigenRecurso   
(
Id,
OrigenRecursoSAT,
DscripcionSAT,
Estatus
)
VALUES 
(1,'IP','Ingresos propios','I'),
(2,'IF','Ingreso federales','I'),
(3,'IM','Ingresos mixtos','I')

SET IDENTITY_INSERT SatOrigenRecurso OFF

SET IDENTITY_INSERT SatPais ON
GO
INSERT INTO SatPais   
(
Id,
ClaveSAT,
DescripcionSAT,
FmtoCodPostalSAT,
FmotRegIdenTribSAT,
ValidaRegIdenTribSAT,
AgrupacionesSAT,
Estatus
)
VALUES 
(1,'AFG','Afganistán',NULL,NULL,NULL,NULL,'I'),
(2,'ALA','Islas Åland',NULL,NULL,NULL,NULL,'I'),
(3,'ALB','Albania',NULL,NULL,NULL,NULL,'I'),
(4,'DEU','Alemania',NULL,NULL,NULL,'Unión Europea','I'),
(5,'AND','Andorra',NULL,NULL,NULL,NULL,'I'),
(6,'AGO','Angola',NULL,NULL,NULL,NULL,'I'),
(7,'AIA','Anguila',NULL,NULL,NULL,NULL,'I'),
(8,'ATA','Antártida',NULL,NULL,NULL,NULL,'I'),
(9,'ATG','Antigua y Barbuda',NULL,NULL,NULL,NULL,'I'),
(10,'SAU','Arabia Saudita',NULL,NULL,NULL,NULL,'I'),
(11,'DZA','Argelia',NULL,NULL,NULL,NULL,'I'),
(12,'ARG','Argentina',NULL,NULL,NULL,NULL,'I'),
(13,'ARM','Armenia',NULL,NULL,NULL,NULL,'I'),
(14,'ABW','Aruba',NULL,NULL,NULL,NULL,'I'),
(15,'AUS','Australia',NULL,NULL,NULL,NULL,'I'),
(16,'AUT','Austria',NULL,NULL,NULL,'Unión Europea','I'),
(17,'AZE','Azerbaiyán',NULL,NULL,NULL,NULL,'I'),
(18,'BHS','Bahamas (las)',NULL,NULL,NULL,NULL,'I'),
(19,'BGD','Bangladés',NULL,NULL,NULL,NULL,'I'),
(20,'BRB','Barbados',NULL,NULL,NULL,NULL,'I'),
(21,'BHR','Baréin',NULL,NULL,NULL,NULL,'I'),
(22,'BEL','Bélgica',NULL,NULL,NULL,'Unión Europea','I'),
(23,'BLZ','Belice',NULL,NULL,NULL,NULL,'I'),
(24,'BEN','Benín',NULL,NULL,NULL,NULL,'I'),
(25,'BMU','Bermudas',NULL,NULL,NULL,NULL,'I'),
(26,'BLR','Bielorrusia',NULL,NULL,NULL,NULL,'I'),
(27,'MMR','Myanmar',NULL,NULL,NULL,NULL,'I'),
(28,'BOL','Bolivia, Estado Plurinacional de',NULL,NULL,NULL,NULL,'I'),
(29,'BIH','Bosnia y Herzegovina',NULL,NULL,NULL,NULL,'I'),
(30,'BWA','Botsuana',NULL,NULL,NULL,NULL,'I'),
(31,'BRA','Brasil',NULL,NULL,NULL,NULL,'I'),
(32,'BRN','Brunéi Darussalam',NULL,NULL,NULL,NULL,'I'),
(33,'BGR','Bulgaria',NULL,NULL,NULL,'Unión Europea','I'),
(34,'BFA','Burkina Faso',NULL,NULL,NULL,NULL,'I'),
(35,'BDI','Burundi',NULL,NULL,NULL,NULL,'I'),
(36,'BTN','Bután',NULL,NULL,NULL,NULL,'I'),
(37,'CPV','Cabo Verde',NULL,NULL,NULL,NULL,'I'),
(38,'KHM','Camboya',NULL,NULL,NULL,NULL,'I'),
(39,'CMR','Camerún',NULL,NULL,NULL,NULL,'I'),
(40,'CAN','Canadá','[A-Z][0-9][A-Z] [0-9][A-Z][0-9]','[0-9]{9}',NULL,'TLCAN','I'),
(41,'QAT','Catar',NULL,NULL,NULL,NULL,'I'),
(42,'BES','Bonaire, San Eustaquio y Saba',NULL,NULL,NULL,NULL,'I'),
(43,'TCD','Chad',NULL,NULL,NULL,NULL,'I'),
(44,'CHL','Chile',NULL,NULL,NULL,NULL,'I'),
(45,'CHN','China',NULL,NULL,NULL,NULL,'I'),
(46,'CYP','Chipre',NULL,NULL,NULL,'Unión Europea','I'),
(47,'COL','Colombia',NULL,NULL,NULL,NULL,'I'),
(48,'COM','Comoras',NULL,NULL,NULL,NULL,'I'),
(49,'PRK','Corea (la República Democrática Popular de)',NULL,NULL,NULL,NULL,'I'),
(50,'KOR','Corea (la República de)',NULL,NULL,NULL,NULL,'I'),
(51,'CIV','Côte dIvoire',NULL,NULL,NULL,NULL,'I'),
(52,'CRI','Costa Rica',NULL,NULL,NULL,NULL,'I'),
(53,'HRV','Croacia',NULL,NULL,NULL,'Unión Europea','I'),
(54,'CUB','Cuba',NULL,NULL,NULL,NULL,'I'),
(55,'CUW','Curaçao',NULL,NULL,NULL,NULL,'I'),
(56,'DNK','Dinamarca',NULL,NULL,NULL,'Unión Europea','I'),
(57,'DMA','Dominica',NULL,NULL,NULL,NULL,'I'),
(58,'ECU','Ecuador',NULL,NULL,NULL,NULL,'I'),
(59,'EGY','Egipto',NULL,NULL,NULL,NULL,'I'),
(60,'SLV','El Salvador',NULL,NULL,NULL,NULL,'I'),
(61,'ARE','Emiratos Árabes Unidos (Los)',NULL,NULL,NULL,NULL,'I'),
(62,'ERI','Eritrea',NULL,NULL,NULL,NULL,'I'),
(63,'SVK','Eslovaquia',NULL,NULL,NULL,'Unión Europea','I'),
(64,'SVN','Eslovenia',NULL,NULL,NULL,'Unión Europea','I'),
(65,'ESP','España',NULL,NULL,NULL,'Unión Europea','I'),
(66,'USA','Estados Unidos (los)','[0-9]{5}(-[0-9]{4})?','[0-9]{9}',NULL,'TLCAN','I'),
(67,'EST','Estonia',NULL,NULL,NULL,'Unión Europea','I'),
(68,'ETH','Etiopía',NULL,NULL,NULL,NULL,'I'),
(69,'PHL','Filipinas (las)',NULL,NULL,NULL,NULL,'I'),
(70,'FIN','Finlandia',NULL,NULL,NULL,'Unión Europea','I'),
(71,'FJI','Fiyi',NULL,NULL,NULL,NULL,'I'),
(72,'FRA','Francia',NULL,NULL,NULL,'Unión Europea','I'),
(73,'GAB','Gabón',NULL,NULL,NULL,NULL,'I'),
(74,'GMB','Gambia (La)',NULL,NULL,NULL,NULL,'I'),
(75,'GEO','Georgia',NULL,NULL,NULL,NULL,'I'),
(76,'GHA','Ghana',NULL,NULL,NULL,NULL,'I'),
(77,'GIB','Gibraltar',NULL,NULL,NULL,NULL,'I'),
(78,'GRD','Granada',NULL,NULL,NULL,NULL,'I'),
(79,'GRC','Grecia',NULL,NULL,NULL,'Unión Europea','I'),
(80,'GRL','Groenlandia',NULL,NULL,NULL,NULL,'I'),
(81,'GLP','Guadalupe',NULL,NULL,NULL,NULL,'I'),
(82,'GUM','Guam',NULL,NULL,NULL,NULL,'I'),
(83,'GTM','Guatemala',NULL,NULL,NULL,NULL,'I'),
(84,'GUF','Guayana Francesa',NULL,NULL,NULL,NULL,'I'),
(85,'GGY','Guernsey',NULL,NULL,NULL,NULL,'I'),
(86,'GIN','Guinea',NULL,NULL,NULL,NULL,'I'),
(87,'GNB','Guinea-Bisáu',NULL,NULL,NULL,NULL,'I'),
(88,'GNQ','Guinea Ecuatorial',NULL,NULL,NULL,NULL,'I'),
(89,'GUY','Guyana',NULL,NULL,NULL,NULL,'I'),
(90,'HTI','Haití',NULL,NULL,NULL,NULL,'I'),
(91,'HND','Honduras',NULL,NULL,NULL,NULL,'I'),
(92,'HKG','Hong Kong',NULL,NULL,NULL,NULL,'I'),
(93,'HUN','Hungría',NULL,NULL,NULL,'Unión Europea','I'),
(94,'IND','India',NULL,NULL,NULL,NULL,'I'),
(95,'IDN','Indonesia',NULL,NULL,NULL,NULL,'I'),
(96,'IRQ','Irak',NULL,NULL,NULL,NULL,'I'),
(97,'IRN','Irán (la República Islámica de)',NULL,NULL,NULL,NULL,'I'),
(98,'IRL','Irlanda',NULL,NULL,NULL,'Unión Europea','I'),
(99,'BVT','Isla Bouvet',NULL,NULL,NULL,NULL,'I'),
(100,'IMN','Isla de Man',NULL,NULL,NULL,NULL,'I'),
(101,'CXR','Isla de Navidad',NULL,NULL,NULL,NULL,'I'),
(102,'NFK','Isla Norfolk',NULL,NULL,NULL,NULL,'I'),
(103,'ISL','Islandia',NULL,NULL,NULL,NULL,'I'),
(104,'CYM','Islas Caimán (las)',NULL,NULL,NULL,NULL,'I'),
(105,'CCK','Islas Cocos (Keeling)',NULL,NULL,NULL,NULL,'I'),
(106,'COK','Islas Cook (las)',NULL,NULL,NULL,NULL,'I'),
(107,'FRO','Islas Feroe (las)',NULL,NULL,NULL,NULL,'I'),
(108,'SGS','Georgia del sur y las islas sandwich del sur',NULL,NULL,NULL,NULL,'I'),
(109,'HMD','Isla Heard e Islas McDonald',NULL,NULL,NULL,NULL,'I'),
(110,'FLK','Islas Malvinas [Falkland] (las)',NULL,NULL,NULL,NULL,'I'),
(111,'MNP','Islas Marianas del Norte (las)',NULL,NULL,NULL,NULL,'I'),
(112,'MHL','Islas Marshall (las)',NULL,NULL,NULL,NULL,'I'),
(113,'PCN','Pitcairn',NULL,NULL,NULL,NULL,'I'),
(114,'SLB','Islas Salomón (las)',NULL,NULL,NULL,NULL,'I'),
(115,'TCA','Islas Turcas y Caicos (las)',NULL,NULL,NULL,NULL,'I'),
(116,'UMI','Islas de Ultramar Menores de Estados Unidos (las)',NULL,NULL,NULL,NULL,'I'),
(117,'VGB','Islas Vírgenes (Británicas)',NULL,NULL,NULL,NULL,'I'),
(118,'VIR','Islas Vírgenes (EE.UU.)',NULL,NULL,NULL,NULL,'I'),
(119,'ISR','Israel',NULL,NULL,NULL,NULL,'I'),
(120,'ITA','Italia',NULL,NULL,NULL,'Unión Europea','I'),
(121,'JAM','Jamaica',NULL,NULL,NULL,NULL,'I'),
(122,'JPN','Japón',NULL,NULL,NULL,NULL,'I'),
(123,'JEY','Jersey',NULL,NULL,NULL,NULL,'I'),
(124,'JOR','Jordania',NULL,NULL,NULL,NULL,'I'),
(125,'KAZ','Kazajistán',NULL,NULL,NULL,NULL,'I'),
(126,'KEN','Kenia',NULL,NULL,NULL,NULL,'I'),
(127,'KGZ','Kirguistán',NULL,NULL,NULL,NULL,'I'),
(128,'KIR','Kiribati',NULL,NULL,NULL,NULL,'I'),
(129,'KWT','Kuwait',NULL,NULL,NULL,NULL,'I'),
(130,'LAO','Lao, (la) República Democrática Popular',NULL,NULL,NULL,NULL,'I'),
(131,'LSO','Lesoto',NULL,NULL,NULL,NULL,'I'),
(132,'LVA','Letonia',NULL,NULL,NULL,'Unión Europea','I'),
(133,'LBN','Líbano',NULL,NULL,NULL,NULL,'I'),
(134,'LBR','Liberia',NULL,NULL,NULL,NULL,'I'),
(135,'LBY','Libia',NULL,NULL,NULL,NULL,'I'),
(136,'LIE','Liechtenstein',NULL,NULL,NULL,NULL,'I'),
(137,'LTU','Lituania',NULL,NULL,NULL,'Unión Europea','I'),
(138,'LUX','Luxemburgo',NULL,NULL,NULL,'Unión Europea','I'),
(139,'MAC','Macao',NULL,NULL,NULL,NULL,'I'),
(140,'MDG','Madagascar',NULL,NULL,NULL,NULL,'I'),
(141,'MYS','Malasia',NULL,NULL,NULL,NULL,'I'),
(142,'MWI','Malaui',NULL,NULL,NULL,NULL,'I'),
(143,'MDV','Maldivas',NULL,NULL,NULL,NULL,'I'),
(144,'MLI','Malí',NULL,NULL,NULL,NULL,'I'),
(145,'MLT','Malta',NULL,NULL,NULL,'Unión Europea','I'),
(146,'MAR','Marruecos',NULL,NULL,NULL,NULL,'I'),
(147,'MTQ','Martinica',NULL,NULL,NULL,NULL,'I'),
(148,'MUS','Mauricio',NULL,NULL,NULL,NULL,'I'),
(149,'MRT','Mauritania',NULL,NULL,NULL,NULL,'I'),
(150,'MYT','Mayotte',NULL,NULL,NULL,NULL,'I'),
(151,'MEX','México','[0-9]{5}','[A-Z&Ñ]{3,4}[0-9]{2}(0[1-9]|1[012])(0[1-9]|[12][0-9]|3[01])[A-Z0-9]{2}[0-9A]','Lista del SAT','TLCAN','I'),
(152,'FSM','Micronesia (los Estados Federados de)',NULL,NULL,NULL,NULL,'I'),
(153,'MDA','Moldavia (la República de)',NULL,NULL,NULL,NULL,'I'),
(154,'MCO','Mónaco',NULL,NULL,NULL,NULL,'I'),
(155,'MNG','Mongolia',NULL,NULL,NULL,NULL,'I'),
(156,'MNE','Montenegro',NULL,NULL,NULL,NULL,'I'),
(157,'MSR','Montserrat',NULL,NULL,NULL,NULL,'I'),
(158,'MOZ','Mozambique',NULL,NULL,NULL,NULL,'I'),
(159,'NAM','Namibia',NULL,NULL,NULL,NULL,'I'),
(160,'NRU','Nauru',NULL,NULL,NULL,NULL,'I'),
(161,'NPL','Nepal',NULL,NULL,NULL,NULL,'I'),
(162,'NIC','Nicaragua',NULL,NULL,NULL,NULL,'I'),
(163,'NER','Níger (el)',NULL,NULL,NULL,NULL,'I'),
(164,'NGA','Nigeria',NULL,NULL,NULL,NULL,'I'),
(165,'NIU','Niue',NULL,NULL,NULL,NULL,'I'),
(166,'NOR','Noruega',NULL,NULL,NULL,NULL,'I'),
(167,'NCL','Nueva Caledonia',NULL,NULL,NULL,NULL,'I'),
(168,'NZL','Nueva Zelanda',NULL,NULL,NULL,NULL,'I'),
(169,'OMN','Omán',NULL,NULL,NULL,NULL,'I'),
(170,'NLD','Países Bajos (los)',NULL,NULL,NULL,'Unión Europea','I'),
(171,'PAK','Pakistán',NULL,NULL,NULL,NULL,'I'),
(172,'PLW','Palaos',NULL,NULL,NULL,NULL,'I'),
(173,'PSE','Palestina, Estado de',NULL,NULL,NULL,NULL,'I'),
(174,'PAN','Panamá',NULL,NULL,NULL,NULL,'I'),
(175,'PNG','Papúa Nueva Guinea',NULL,NULL,NULL,NULL,'I'),
(176,'PRY','Paraguay',NULL,NULL,NULL,NULL,'I'),
(177,'PER','Perú',NULL,NULL,NULL,NULL,'I'),
(178,'PYF','Polinesia Francesa',NULL,NULL,NULL,NULL,'I'),
(179,'POL','Polonia',NULL,NULL,NULL,'Unión Europea','I'),
(180,'PRT','Portugal',NULL,NULL,NULL,'Unión Europea','I'),
(181,'PRI','Puerto Rico',NULL,NULL,NULL,NULL,'I'),
(182,'GBR','Reino Unido (el)',NULL,NULL,NULL,'Unión Europea','I'),
(183,'CAF','República Centroafricana (la)',NULL,NULL,NULL,NULL,'I'),
(184,'CZE','República Checa (la)',NULL,NULL,NULL,'Unión Europea','I'),
(185,'MKD','Macedonia (la antigua República Yugoslava de)',NULL,NULL,NULL,NULL,'I'),
(186,'COG','Congo',NULL,NULL,NULL,NULL,'I'),
(187,'COD','Congo (la República Democrática del)',NULL,NULL,NULL,NULL,'I'),
(188,'DOM','República Dominicana (la)',NULL,NULL,NULL,NULL,'I'),
(189,'REU','Reunión',NULL,NULL,NULL,NULL,'I'),
(190,'RWA','Ruanda',NULL,NULL,NULL,NULL,'I'),
(191,'ROU','Rumania',NULL,NULL,NULL,'Unión Europea','I'),
(192,'RUS','Rusia, (la) Federación de',NULL,NULL,NULL,NULL,'I'),
(193,'ESH','Sahara Occidental',NULL,NULL,NULL,NULL,'I'),
(194,'WSM','Samoa',NULL,NULL,NULL,NULL,'I'),
(195,'ASM','Samoa Americana',NULL,NULL,NULL,NULL,'I'),
(196,'BLM','San Bartolomé',NULL,NULL,NULL,NULL,'I'),
(197,'KNA','San Cristóbal y Nieves',NULL,NULL,NULL,NULL,'I'),
(198,'SMR','San Marino',NULL,NULL,NULL,NULL,'I'),
(199,'MAF','San Martín (parte francesa)',NULL,NULL,NULL,NULL,'I'),
(200,'SPM','San Pedro y Miquelón',NULL,NULL,NULL,NULL,'I'),
(201,'VCT','San Vicente y las Granadinas',NULL,NULL,NULL,NULL,'I'),
(202,'SHN','Santa Helena, Ascensión y Tristán de Acuña',NULL,NULL,NULL,NULL,'I'),
(203,'LCA','Santa Lucía',NULL,NULL,NULL,NULL,'I'),
(204,'STP','Santo Tomé y Príncipe',NULL,NULL,NULL,NULL,'I'),
(205,'SEN','Senegal',NULL,NULL,NULL,NULL,'I'),
(206,'SRB','Serbia',NULL,NULL,NULL,NULL,'I'),
(207,'SYC','Seychelles',NULL,NULL,NULL,NULL,'I'),
(208,'SLE','Sierra leona',NULL,NULL,NULL,NULL,'I'),
(209,'SGP','Singapur',NULL,NULL,NULL,NULL,'I'),
(210,'SXM','Sint Maarten (parte holandesa)',NULL,NULL,NULL,NULL,'I'),
(211,'SYR','Siria, (la) República Árabe',NULL,NULL,NULL,NULL,'I'),
(212,'SOM','Somalia',NULL,NULL,NULL,NULL,'I'),
(213,'LKA','Sri Lanka',NULL,NULL,NULL,NULL,'I'),
(214,'SWZ','Suazilandia',NULL,NULL,NULL,NULL,'I'),
(215,'ZAF','Sudáfrica',NULL,NULL,NULL,NULL,'I'),
(216,'SDN','Sudán (el)',NULL,NULL,NULL,NULL,'I'),
(217,'SSD','Sudán del Sur',NULL,NULL,NULL,NULL,'I'),
(218,'SWE','Suecia',NULL,NULL,NULL,'Unión Europea','I'),
(219,'CHE','Suiza',NULL,NULL,NULL,NULL,'I'),
(220,'SUR','Surinam',NULL,NULL,NULL,NULL,'I'),
(221,'SJM','Svalbard y Jan Mayen',NULL,NULL,NULL,NULL,'I'),
(222,'THA','Tailandia',NULL,NULL,NULL,NULL,'I'),
(223,'TWN','Taiwán (Provincia de China)',NULL,NULL,NULL,NULL,'I'),
(224,'TZA','Tanzania, República Unida de',NULL,NULL,NULL,NULL,'I'),
(225,'TJK','Tayikistán',NULL,NULL,NULL,NULL,'I'),
(226,'IOT','Territorio Británico del Océano Índico (el)',NULL,NULL,NULL,NULL,'I'),
(227,'ATF','Territorios Australes Franceses (los)',NULL,NULL,NULL,NULL,'I'),
(228,'TLS','Timor-Leste',NULL,NULL,NULL,NULL,'I'),
(229,'TGO','Togo',NULL,NULL,NULL,NULL,'I'),
(230,'TKL','Tokelau',NULL,NULL,NULL,NULL,'I'),
(231,'TON','Tonga',NULL,NULL,NULL,NULL,'I'),
(232,'TTO','Trinidad y Tobago',NULL,NULL,NULL,NULL,'I'),
(233,'TUN','Túnez',NULL,NULL,NULL,NULL,'I'),
(234,'TKM','Turkmenistán',NULL,NULL,NULL,NULL,'I'),
(235,'TUR','Turquía',NULL,NULL,NULL,NULL,'I'),
(236,'TUV','Tuvalu',NULL,NULL,NULL,NULL,'I'),
(237,'UKR','Ucrania',NULL,NULL,NULL,NULL,'I'),
(238,'UGA','Uganda',NULL,NULL,NULL,NULL,'I'),
(239,'URY','Uruguay',NULL,NULL,NULL,NULL,'I'),
(240,'UZB','Uzbekistán',NULL,NULL,NULL,NULL,'I'),
(241,'VUT','Vanuatu',NULL,NULL,NULL,NULL,'I'),
(242,'VAT','Santa Sede[Estado de la Ciudad del Vaticano] (la)',NULL,NULL,NULL,NULL,'I'),
(243,'VEN','Venezuela, República Bolivariana de',NULL,NULL,NULL,NULL,'I'),
(244,'VNM','Viet Nam',NULL,NULL,NULL,NULL,'I'),
(245,'WLF','Wallis y Futuna',NULL,NULL,NULL,NULL,'I'),
(246,'YEM','Yemen',NULL,NULL,NULL,NULL,'I'),
(247,'DJI','Yibuti',NULL,NULL,NULL,NULL,'I'),
(248,'ZMB','Zambia',NULL,NULL,NULL,NULL,'I'),
(249,'ZWE','Zimbabue',NULL,NULL,NULL,NULL,'I'),
(250,'ZZZ','Países no declarados',NULL,NULL,NULL,NULL,'I')



SET IDENTITY_INSERT SatPais OFF




INSERT INTO Empresa (FechaAlta,RFC,Nombre,Calle,NumeroExt,NumeroInt,Colonia,CP,CURP,MunicipioId,EstadoId,PaisId,Email,TipoComprobante,PathLogo,PathCertificadoSAT,PathLlaveSAT,ContraseñaSAT,ProveedorSAT,PathTimbrado,MonedaId,RegimenFiscalId,CumpleReqCuotas,ClaveIMSS,ClaveINFONAVIT,ClaveFONACOT,LugarExpedicion,TipoEmpresaId,TipoHoraId,PorcentajePresFed,TelefonoWhatsApp,TelefonoFijo,TipoConstitucionId,Estatus ) 
VALUES ('2024/08/01  00:00:00','SAT970701NN3','Servicio De Administración Tributaria','Av. Hidalgo','77','NULL','Guerrero','006300','NULL',420,9,151,'sat@sat.gob.mx','NULL','sat.jpg, png','NULL','NULL','NULL','NULL','NULL',1,1,'0','Y54-99995-10-7','Y4027998105','1580240','Cuauhtémoc, Ciudad de México',2,3,'30.000','8155555501','8155555501',1,'I')


SET IDENTITY_INSERT Categoria ON
GO
INSERT INTO Categoria   
(
Id,
Descripcion,
EmpresaId,
Estatus
)
VALUES
(1,'Administrador',1,'I'),
(2,'Analista',1,'I'),
(3,'Asistente',1,'I'),
(4,'Atención A Cliente',1,'I'),
(5,'Auxiliar',1,'I'),
(6,'Ayudante',1,'I'),
(7,'Campo',1,'I'),
(8,'Chofer',1,'I'),
(9,'Contador',1,'I'),
(10,'Coordinador',1,'I'),
(11,'Coordinador De Tiflotecnología',1,'I'),
(12,'Director',1,'I'),
(13,'Ejecutivo',1,'I'),
(14,'Empleado',1,'I'),
(15,'Encargado',1,'I'),
(16,'Gerencia',1,'I'),
(17,'Ingeniero',1,'I'),
(18,'Obrero',1,'I'),
(19,'Oficial',1,'I'),
(20,'Oficinista',1,'I'),
(21,'Operador',1,'I'),
(22,'Producción',1,'I'),
(23,'Supervisor',1,'I'),
(24,'Técnico',1,'I'),
(25,'Ventas',1,'I')

SET IDENTITY_INSERT Categoria OFF

SET IDENTITY_INSERT Puesto ON
GO
INSERT INTO Puesto   
(
Id,
CategoriaId,
Descripcion,
SalarioIni,
SalarioFin,
EmpresaId,
Estatus
)
VALUES 
(1,5,'Abogada General',0,0,1,'I'),
(2,9,'Abogado General',0,0,1,'I'),
(3,3,'Accesibilidad',0,0,1,'I'),
(4,1,'Administración',0,0,1,'I'),
(5,1,'Administrador',0,0,1,'I'),
(6,9,'Administrativo',0,0,1,'I'),
(7,12,'Albañil',0,0,1,'I'),
(8,1,'Almacen',0,0,1,'I'),
(9,5,'Almacenista',0,0,1,'I'),
(10,9,'Analista Administrativo',0,0,1,'I'),
(11,12,'Aplicador',0,0,1,'I'),
(12,9,'Arquitecto',0,0,1,'I'),
(13,4,'Asesor',0,0,1,'I'),
(14,1,'Asesor Juridico',0,0,1,'I'),
(15,2,'Asesor Técnico',0,0,1,'I'),
(16,3,'Asistente Administrativa',0,0,1,'I'),
(17,3,'Asistente Administrativo Recepcion',0,0,1,'I'),
(18,3,'Asistente De Dirección',0,0,1,'I'),
(19,3,'Asistente De Presidencia',0,0,1,'I'),
(20,3,'Asistente De Relaciones Industriales',0,0,1,'I'),
(21,5,'Auxiliar Administrativo',0,0,1,'I'),
(22,5,'Auxiliar Administrativo Ciber',0,0,1,'I'),
(23,5,'Auxiliar De Contable',0,0,1,'I'),
(24,5,'Auxiliar De Infraestructura',0,0,1,'I'),
(25,5,'Auxiliar De Intendencia',0,0,1,'I'),
(26,5,'Auxiliar De Oficina',0,0,1,'I'),
(27,5,'Auxiliar De Producción',0,0,1,'I'),
(28,5,'Auxiliar De Psicología',0,0,1,'I'),
(29,5,'Auxiliar De Recursos Humanos',0,0,1,'I'),
(30,5,'Auxiliar De Servicios',0,0,1,'I'),
(31,5,'Auxiliar Legal',0,0,1,'I'),
(32,5,'Auxiliar Saiut',0,0,1,'I'),
(33,5,'Auxiliar Virtual',0,0,1,'I'),
(34,12,'Ayudante De Albanileria Tipo B',0,0,1,'I'),
(35,3,'Ayudante De Albañil',0,0,1,'I'),
(36,3,'Ayudante De Carpinteria Tipo B',0,0,1,'I'),
(37,18,'Ayudante De Fierrero Tipo B',0,0,1,'I'),
(38,6,'Ayudante De Mantenimiento',0,0,1,'I'),
(39,6,'Ayudante De Producción',0,0,1,'I'),
(40,6,'Ayudante General',0,0,1,'I'),
(41,6,'Ayudante Retiro De Vigas',0,0,1,'I'),
(42,5,'Ayuntamiento',0,0,1,'I'),
(43,15,'Bibliotecaria Prefectura',0,0,1,'I'),
(44,21,'Cajero',0,0,1,'I'),
(45,7,'Campo',0,0,1,'I'),
(46,18,'Carpintero Techos',0,0,1,'I'),
(47,1,'Centro Medico',0,0,1,'I'),
(48,14,'Centro Medico Psicologa',0,0,1,'I'),
(49,14,'Chofer',0,0,1,'I'),
(50,14,'Cocinera',0,0,1,'I'),
(51,21,'Cocinero',0,0,1,'I'),
(52,5,'Comedor',0,0,1,'I'),
(53,25,'Compras',0,0,1,'I'),
(54,9,'Contador',0,0,1,'I'),
(55,14,'Contralor Interno',0,0,1,'I'),
(56,10,'Coodinadora De Programas De Aulas Virtua',0,0,1,'I'),
(57,10,'Coord. General De Museos',0,0,1,'I'),
(58,10,'Coordinación De Instalación De Riego',0,0,1,'I'),
(59,10,'Coordinador Administrativo',0,0,1,'I'),
(60,10,'Coordinador De Adquisiciones',0,0,1,'I'),
(61,10,'Coordinador De Construcción De Jardines',0,0,1,'I'),
(62,10,'Coordinador De Inclusión Educativa Pad',0,0,1,'I'),
(63,10,'Coordinador De Infraestructura Y Mtto',0,0,1,'I'),
(64,9,'Coordinador De Ingenieras',0,0,1,'I'),
(65,10,'Coordinador De Innovación',0,0,1,'I'),
(66,10,'Coordinador De Mantenimiento',0,0,1,'I'),
(67,10,'Coordinador De Produccion Digital',0,0,1,'I'),
(68,10,'Coordinador De Psicologia',0,0,1,'I'),
(69,10,'Coordinador De Relaciones Industriales',0,0,1,'I'),
(70,10,'Coordinador De Supervision De Obras',0,0,1,'I'),
(71,10,'Coordinador De Tiflotecnología',0,0,1,'I'),
(72,9,'Coordinador Deportivo',0,0,1,'I'),
(73,9,'Coordinador En El Area De Trabajo',0,0,1,'I'),
(74,10,'Coordinador General De Obras Por Admon. Directa',0,0,1,'I'),
(75,10,'Coordinador Operativo',0,0,1,'I'),
(76,10,'Cordinador',0,0,1,'I'),
(77,10,'Costos',0,0,1,'I'),
(78,10,'Cultura Coordinador Deportes',0,0,1,'I'),
(79,14,'Desarrollo Social',0,0,1,'I'),
(80,14,'Desarrollo Urbano',0,0,1,'I'),
(81,14,'Dfdf',0,0,1,'I'),
(82,14,'Dibujante',0,0,1,'I'),
(83,14,'Dif',0,0,1,'I'),
(84,14,'Dif Promotora',0,0,1,'I'),
(85,14,'Director',0,0,1,'I'),
(86,14,'Director Comercial',0,0,1,'I'),
(87,14,'Director De Comunicación',0,0,1,'I'),
(88,14,'Director De Finanzas',0,0,1,'I'),
(89,14,'Director De Planeación Y Evaluación',0,0,1,'I'),
(90,14,'Director De Policia',0,0,1,'I'),
(91,14,'Director De Recursos Humanos',0,0,1,'I'),
(92,14,'Director De Riesgos',0,0,1,'I'),
(93,14,'Director De Seguridad',0,0,1,'I'),
(94,14,'Director De Servicios Publicos',0,0,1,'I'),
(95,14,'Director De Tecnologías De Información',0,0,1,'I'),
(96,14,'Director Ejecutivo',0,0,1,'I'),
(97,14,'Director General',0,0,1,'I'),
(98,14,'Director General De Patronato',0,0,1,'I'),
(99,14,'Director Juridico',0,0,1,'I'),
(100,14,'Director Operativo',0,0,1,'I'),
(101,14,'Director Técnico',0,0,1,'I'),
(102,14,'Diseñador Gráfico',0,0,1,'I'),
(103,14,'Diseñador Web',0,0,1,'I'),
(104,14,'Diseño De Contenidos',0,0,1,'I'),
(105,14,'Docente Movilidad Estudiantil',0,0,1,'I'),
(106,14,'Ecología',0,0,1,'I'),
(107,14,'Educacion Cultura Y Deportes',0,0,1,'I'),
(108,14,'Ejecutivo',0,0,1,'I'),
(109,14,'Ejecutivo De Ventas',0,0,1,'I'),
(110,14,'Encargada',0,0,1,'I'),
(111,14,'Encargada De Cajas Y Cobranza',0,0,1,'I'),
(112,14,'Encargada De Direccion Academica',0,0,1,'I'),
(113,14,'Encargado',0,0,1,'I'),
(114,14,'Encargado De Administracion Y Finanzas',0,0,1,'I'),
(115,14,'Encargado De La Jefatura De Servicios Escolares',0,0,1,'I'),
(116,14,'Encargado De Producción',0,0,1,'I'),
(117,14,'Encargado De Rectoria',0,0,1,'I'),
(118,14,'Enfermera',0,0,1,'I'),
(119,14,'Enfermeria Deportes',0,0,1,'I'),
(120,14,'Especialista Retiro De Vigas',0,0,1,'I'),
(121,14,'Especialista Techos',0,0,1,'I'),
(122,14,'Estilista',0,0,1,'I'),
(123,14,'Eventuales',0,0,1,'I'),
(124,14,'Finanzas',0,0,1,'I'),
(125,14,'Fincado',0,0,1,'I'),
(126,14,'Fortaleza',0,0,1,'I'),
(127,14,'Fortaleza Intendente',0,0,1,'I'),
(128,14,'Gerencia De Proyectos',0,0,1,'I'),
(129,14,'Gerente Administrativo',0,0,1,'I'),
(130,14,'Gerente De Operaciones',0,0,1,'I'),
(131,14,'Gerente General',0,0,1,'I'),
(132,14,'Gerente Técnico',0,0,1,'I'),
(133,14,'Gestión De Calidad',0,0,1,'I'),
(134,14,'Guardia',0,0,1,'I'),
(135,14,'Ingeniero Proyectos',0,0,1,'I'),
(136,14,'Ingienería Y Manufactura',0,0,1,'I'),
(137,14,'Inspector De Calidad',0,0,1,'I'),
(138,14,'Instalador',0,0,1,'I'),
(139,14,'Instituto De La Mujer',0,0,1,'I'),
(140,14,'Integracion De Procesos',0,0,1,'I'),
(141,14,'Intendente',0,0,1,'I'),
(142,14,'Interprete Lsm',0,0,1,'I'),
(143,14,'Jefe Administrativo',0,0,1,'I'),
(144,14,'Jefe De Cocina',0,0,1,'I'),
(145,14,'Jefe De Contabilidad',0,0,1,'I'),
(146,14,'Jefe De Cuadrilla',0,0,1,'I'),
(147,14,'Jefe De Departamento',0,0,1,'I'),
(148,14,'Jefe De Departamento De Asesorías Y Tutorías',0,0,1,'I'),
(149,14,'Jefe De Departamento De Recursos Humanos',0,0,1,'I'),
(150,14,'Jefe De Departamento De Servicios Escolares',0,0,1,'I'),
(151,14,'Jefe De Departamento De Servicios Financieros',0,0,1,'I'),
(152,14,'Jefe De Departamento De Servicios Informaticos Profesor De Asignatura',0,0,1,'I'),
(153,14,'Jefe De Desarrollo',0,0,1,'I'),
(154,14,'Jefe De Diseño',0,0,1,'I'),
(155,14,'Jefe De Oficina Compras',0,0,1,'I'),
(156,14,'Jefe De Oficina De Almacen Y Activo Fijo',0,0,1,'I'),
(157,14,'Jefe De Oficina De Control Escolar',0,0,1,'I'),
(158,14,'Jefe De Oficina De Incubadora De Empresas',0,0,1,'I'),
(159,14,'Jefe De Oficina De Nóminas',0,0,1,'I'),
(160,14,'Jefe De Oficina De Sistemas',0,0,1,'I'),
(161,14,'Jefe De Oficina De Tesoreria',0,0,1,'I'),
(162,14,'Jefe De Oficina Rectoría',0,0,1,'I'),
(163,14,'Jefe De Patrimonio',0,0,1,'I'),
(164,14,'Jefe De Presupuestos',0,0,1,'I'),
(165,14,'Jefe De Proyecto Nemak',0,0,1,'I'),
(166,14,'Jefe De Recursos Humanos',0,0,1,'I'),
(167,14,'Jefe De Servicios De Mtto',0,0,1,'I'),
(168,14,'Jefe De Telecomunicaciones',0,0,1,'I'),
(169,14,'Jefe De Vinculación Y Difusión',0,0,1,'I'),
(170,14,'Jueces',0,0,1,'I'),
(171,14,'Laboratorista',0,0,1,'I'),
(172,14,'Líder De Producción',0,0,1,'I'),
(173,14,'Limpieza',0,0,1,'I'),
(174,14,'Mantenimiento',0,0,1,'I'),
(175,14,'Mantenimiento Eléctrico',0,0,1,'I'),
(176,14,'Marmolero',0,0,1,'I'),
(177,14,'Mecanicos',0,0,1,'I'),
(178,14,'Mensajería',0,0,1,'I'),
(179,14,'Mesa De Control',0,0,1,'I'),
(180,14,'Mesero',0,0,1,'I'),
(181,14,'Montacarguista',0,0,1,'I'),
(182,14,'Municipio Garcia',0,0,1,'I'),
(183,14,'Obras Públicas',0,0,1,'I'),
(184,14,'Obrero',0,0,1,'I'),
(185,14,'Oficial Albañil',0,0,1,'I'),
(186,14,'Oficial Carpinteria Tipo A',0,0,1,'I'),
(187,14,'Oficial Carpinteria Tipo B',0,0,1,'I'),
(188,14,'Oficial De Albanileria Tipo A',0,0,1,'I'),
(189,14,'Oficial De Albanileria Tipo B',0,0,1,'I'),
(190,14,'Oficial Fierrero Tipo A',0,0,1,'I'),
(191,14,'Oficial Fierrero Tipo B',0,0,1,'I'),
(192,14,'Oficina Alcalde',0,0,1,'I'),
(193,14,'Operador',0,0,1,'I'),
(194,14,'Operador General',0,0,1,'I'),
(195,14,'Párroco',0,0,1,'I'),
(196,14,'Payment',0,0,1,'I'),
(197,14,'Personal De Limpeza',0,0,1,'I'),
(198,14,'Plataforma Virtual',0,0,1,'I'),
(199,14,'Policia Administrativo',0,0,1,'I'),
(200,14,'Policia Y Transito',0,0,1,'I'),
(201,14,'Practicante',0,0,1,'I'),
(202,14,'Prefecto',0,0,1,'I'),
(203,14,'Presidente Municipal',0,0,1,'I'),
(204,14,'Producción',0,0,1,'I'),
(205,14,'Profesor De Asignatura',0,0,1,'I'),
(206,14,'Profesor Investigador De Tiempo Completo Nivel A',0,0,1,'I'),
(207,14,'Profesor Investigador De Tiempo Completo Nivel A Jefe De Oficina De Programa Academico Diseño Industrial',0,0,1,'I'),
(208,14,'Profesor Investigador De Tiempo Completo Nivel B',0,0,1,'I'),
(209,14,'Profesor Investigador De Tiempo Completo Nivel B  Jefe De Programa Académico De Ing En Sistemas',0,0,1,'I'),
(210,14,'Promotor',0,0,1,'I'),
(211,14,'Proteccion Civil',0,0,1,'I'),
(212,14,'Proyectista',0,0,1,'I'),
(213,14,'Proyectos',0,0,1,'I'),
(214,14,'Psicologia',0,0,1,'I'),
(215,14,'Ptc',0,0,1,'I'),
(216,14,'Ptc Tit B',0,0,1,'I'),
(217,14,'Recepcionista',0,0,1,'I'),
(218,14,'Rector',0,0,1,'I'),
(219,14,'Recursos Humanos',0,0,1,'I'),
(220,14,'Regidores',0,0,1,'I'),
(221,14,'Residente De Obra Tipo B',0,0,1,'I'),
(222,14,'Responsable De Recursos Humanos',0,0,1,'I'),
(223,14,'Responsable Operativo',0,0,1,'I'),
(224,14,'Responsable Operativo Aulas Virtuales',0,0,1,'I'),
(225,14,'Secretaria',0,0,1,'I'),
(226,14,'Secretaria De Carrera',0,0,1,'I'),
(227,14,'Secretaria De Dirección',0,0,1,'I'),
(228,14,'Secretaria Recepcion',0,0,1,'I'),
(229,14,'Secretario Administrativo',0,0,1,'I'),
(230,14,'Secretario De Ayuntamiento',0,0,1,'I'),
(231,14,'Secretario De Medio Ambiente Y Entorno Urbano',0,0,1,'I'),
(232,14,'Seguridad Tipo A',0,0,1,'I'),
(233,14,'Seguridad Tipo B',0,0,1,'I'),
(234,14,'Servicio Al Cliente',0,0,1,'I'),
(235,14,'Servicios Primarios',0,0,1,'I'),
(236,14,'Sindico',0,0,1,'I'),
(237,14,'Sistemas',0,0,1,'I'),
(238,14,'Socio',0,0,1,'I'),
(239,14,'Soldador',0,0,1,'I'),
(240,14,'Soporte Técnico',0,0,1,'I'),
(241,14,'Subdireccion De Carrera De Mecatronica',0,0,1,'I'),
(242,14,'Subdirección De Carrera Mtto Industrial',0,0,1,'I'),
(243,14,'Subdirección De De Tecnología Educativa',0,0,1,'I'),
(244,14,'Subdireccion De Procesos De Produccion',0,0,1,'I'),
(245,14,'Subdireccion De Servicios Escolares',0,0,1,'I'),
(246,14,'Subdireccion De Servicios Estudiantiles',0,0,1,'I'),
(247,14,'Subdireccion De Soporte Tecnico',0,0,1,'I'),
(248,14,'Subdireccion De Tsu En Inclusion',0,0,1,'I'),
(249,14,'Subdirector',0,0,1,'I'),
(250,14,'Superintendente',0,0,1,'I'),
(251,14,'Supervisor',0,0,1,'I'),
(252,14,'Supervisor De Calidad',0,0,1,'I'),
(253,14,'Supervisor De Carpinteria Techos',0,0,1,'I'),
(254,14,'Supervisor De Obra',0,0,1,'I'),
(255,14,'Supervisor De Proyectos',0,0,1,'I'),
(256,14,'Supervisor Retiro De Vigas',0,0,1,'I'),
(257,14,'Taquero',0,0,1,'I'),
(258,14,'Técnico',0,0,1,'I'),
(259,14,'Técnico Bibliotecario',0,0,1,'I'),
(260,14,'Técnico De Laboratorio',0,0,1,'I'),
(261,14,'Técnico En Mantenimiento',0,0,1,'I'),
(262,14,'Tenencia De La Tierra',0,0,1,'I'),
(263,14,'Tesoreria',0,0,1,'I'),
(264,14,'Tesoreria Secretaria',0,0,1,'I'),
(265,14,'Tornero',0,0,1,'I'),
(266,14,'Tortillera',0,0,1,'I'),
(267,14,'Ventas',0,0,1,'I'),
(268,14,'Vicario',0,0,1,'I')


SET IDENTITY_INSERT Puesto OFF


SET IDENTITY_INSERT SatTipoRegimen ON
GO
INSERT INTO SatTipoRegimen   
(
Id,
ClaveSAT,
DescripcionSAT,
FechaInicioVigenciaSAT,
FechaFinVigenciaSAT,
Estatus
)
VALUES 
(1,02,'Sueldos',CONVERT(datetime,'01/01/2017',103),NULL,'I'),
(2,03,'Jubilados',CONVERT(datetime,'01/01/2017',103),NULL,'I'),
(3,04,'Pensionados',CONVERT(datetime,'01/01/2017',103),NULL,'I'),
(4,05,'Asimilados Miembros Sociedades Cooperativas Produccion',CONVERT(datetime,'01/01/2017',103),NULL,'I'),
(5,06,'Asimilados Integrantes Sociedades Asociaciones Civiles',CONVERT(datetime,'01/01/2017',103),NULL,'I'),
(6,07,'Asimilados Miembros consejos',CONVERT(datetime,'01/01/2017',103),NULL,'I'),
(7,08,'Asimilados comisionistas',CONVERT(datetime,'01/01/2017',103),NULL,'I'),
(8,09,'Asimilados Honorarios',CONVERT(datetime,'01/01/2017',103),NULL,'I'),
(9,10,'Asimilados acciones',CONVERT(datetime,'01/01/2017',103),NULL,'I'),
(10,11,'Asimilados otros',CONVERT(datetime,'01/01/2017',103),NULL,'I'),
(11,12,'Jubilados o Pensionados',CONVERT(datetime,'27/03/2017',103),NULL,'I'),
(12,13,'Indemnización o Separación',CONVERT(datetime,'15/10/2018',103),NULL,'I'),
(13,99,'Otro Regimen',CONVERT(datetime,'01/01/2017',103),NULL,'I')



SET IDENTITY_INSERT SatTipoRegimen OFF


SET IDENTITY_INSERT Sexo ON
GO
INSERT INTO Sexo   
(
Id,
Descipcion,
Estatus
)
VALUES 
(1,'Hombre','I'),
(2,'Mujer','I'),
(3,'No Binario','I')


SET IDENTITY_INSERT Sexo OFF

SET IDENTITY_INSERT SatTipoContrato ON
GO
INSERT INTO SatTipoContrato   
(
Id,
ClaveSAT,
Descripcion,
Estatus
)
VALUES 
(1,'01','Contrato de trabajo por tiempo indeterminado','I'),
(2,'02','Contrato de trabajo para obra determinada','I'),
(3,'03','Contrato de trabajo por tiempo determinado','I'),
(4,'04','Contrato de trabajo por temporada','I'),
(5,'05','Contrato de trabajo sujeto a prueba','I'),
(6,'06','Contrato de trabajo con capacitación inicial','I'),
(7,'07','Modalidad de contratación por pago de hora laborada','I'),
(8,'08','Modalidad de trabajo por comisión laboral','I'),
(9,'09','Modalidades de contratación donde no existe relación de trabajo','I'),
(10,'10','Jubilación, pensión, retiro.','I')

SET IDENTITY_INSERT SatTipoContrato OFF

SET IDENTITY_INSERT TipoEmpleado ON
GO
INSERT INTO TipoEmpleado   
(
Id,
Descipcion,
EmpresaId,
Estatus
)
VALUES 
(1,'Empleado de Confianza',1,'I'),
(2,'Sindicalizados',1,'I'),
(3,'Asimilados Honorarios',1,'I'),
(4,'Fijo',1,'I')

SET IDENTITY_INSERT TipoEmpleado OFF

SET IDENTITY_INSERT SatTipoJornada ON
GO
INSERT INTO SatTipoJornada   
(
Id,
ClaveSAT,
DescripcionSAT,
Horas,
Estatus
)
VALUES 
(1,'01','Diurna',9.5,'I'),
(2,'02','Nocturna',7,'I'),
(3,'03','Mixta',7.5,'I'),
(4,'04','Por hora',1,'I'),
(5,'05','Reducida',0,'I'),
(6,'06','Continuada',8,'I'),
(7,'07','Partida',8,'I'),
(8,'08','Por turnos',8,'I'),
(9,'99','Otra Jornada',0,'I')

SET IDENTITY_INSERT SatTipoJornada OFF

SET IDENTITY_INSERT EmpresaRegPat ON
GO
INSERT INTO EmpresaRegPat   
(
Id,
EmpresaId,
AreaGeograficaId,
RiesgoPuestoId,
RegistroPatronal,
LugarExpedicion,
PathCertificadoSAT,
PathLlaveSAT,
PassSAT,
VigenciaInicial,
VigenciaFinal,
NumeroSerie
)
VALUES 
(1,1,1,5,'D371548108','NUEVO LEON','RFC.cer','RFC.key','SELLOS2022','03/01/2022 11:32:59','03/01/2026 11:32:59','1000000510626070')

SET IDENTITY_INSERT EmpresaRegPat OFF

SET IDENTITY_INSERT TipoNomina ON
GO
INSERT INTO TipoNomina   
(
Id,
Descripcion
)
VALUES 
(1,'Normal'),
(2,'Especial'),
(3,'Sin Información')

SET IDENTITY_INSERT TipoNomina OFF

SET IDENTITY_INSERT AplicacionNomina ON
GO
INSERT INTO AplicacionNomina   
(
Id,
Descripcion
)
VALUES 
(1,'General'),
(2,'Individual'),
(3,'Sin datos')

SET IDENTITY_INSERT AplicacionNomina OFF

SET IDENTITY_INSERT TipoNominaSAT ON
GO
INSERT INTO TipoNominaSAT   
(
Id,
Descripcion
)
VALUES 
(1,'Nomina Ordinaria'),
(2,'Nomina Extraordinaria'),
(3,'Sin datos')

SET IDENTITY_INSERT TipoNominaSAT OFF


SET IDENTITY_INSERT Periodo ON
GO
INSERT INTO Periodo   
(
Id,
SatPeriocidadPagoId,
Periodo,
Descripcion,
EmpresaId,
Estatus
)
VALUES 
(1,4,1,'Primera Quincena Enero',1,'I'),
(2,4,2,'Segunda Quincena Enero',1,'I'),
(3,4,3,'Primera Quincena Febrero',1,'I'),
(4,4,4,'Segunda Quincena Febrero',1,'I'),
(5,4,5,'Primera Quincena Marzo',1,'I')

SET IDENTITY_INSERT Periodo OFF

SET IDENTITY_INSERT Incidencias ON
GO
INSERT INTO Incidencias   
(
Id, 
TipoPercepcion, 
TipoDeduccion, 
TipoNominaId, 
AplicacionId, 
TipoAplicacionNominaId, 
Operacion, 
Descripcion, 
Obligatorio, 
Especie, 
EmpresaId, 
Porcentaje, 
Monto, 
TipoPrevSoc, 
Estatus
)
VALUES 
(1, 1, 0, 1, 1, 1, 1, 'Sueldos,  Salarios Rayas y Jornales', 1, 0, 0, 0, 0, 0, 'I'), 
(2, 2, 0, 2, 1, 2, 1, 'Gratificación Anual (Aguinaldo)', 0, 0, 0, 0, 0, 0, 'I'), 
(3, 3, 0, 2, 1, 2, 1, 'Participación de los Trabajadores en las Utilidades PTU', 0, 0, 0, 0, 0, 0, 'I'), 
(4, 4, 0, 2, 2, 2, 1, 'Reembolso de Gastos Médicos Dentales y Hospitalarios', 0, 0, 0, 0, 0, 0, 'I'), 
(5, 5, 0, 2, 2, 2, 1, 'Fondo de Ahorro', 0, 0, 0, 0, 0, 0, 'I'), 
(6, 6, 0, 2, 2, 2, 1, 'Caja de ahorro', 0, 0, 0, 0, 0, 0, 'I'), 
(7, 9, 0, 2, 2, 2, 1, 'Contribuciones a Cargo del Trabajador Pagadas por el Patron', 0, 0, 0, 0, 0, 0, 'I'), 
(8, 10, 0, 2, 2, 2, 1, 'Premios por puntualidad', 0, 0, 0, 0, 0, 0, 'I'), 
(9, 11, 0, 2, 2, 2, 1, 'Prima de Seguro de vida', 0, 0, 0, 0, 0, 0, 'I'), 
(10, 12, 0, 2, 2, 2, 1, 'Seguro de Gastos Médicos Mayores', 0, 0, 0, 0, 0, 0, 'I'), 
(11, 13, 0, 2, 2, 2, 1, 'Cuotas Sindicales Pagadas por el Patrón', 0, 0, 0, 0, 0, 0, 'I'), 
(12, 14, 0, 2, 2, 2, 1, 'Subsidios por incapacidad', 0, 0, 0, 0, 0, 0, 'I'), 
(13, 15, 0, 2, 2, 2, 1, 'Becas para trabajadores y/o hijos', 0, 0, 0, 0, 0, 0, 'I'), 
(14, 16, 0, 2, 2, 2, 1, 'Otros', 0, 0, 0, 0, 0, 0, 'I'), 
(15, 17, 0, 2, 2, 2, 1, 'Subsidio para el empleo', 1, 0, 0, 0, 0, 0, 'I'), 
(16, 19, 0, 2, 2, 2, 1, 'Horas extra', 0, 0, 0, 0, 0, 0, 'I'), 
(17, 20, 0, 2, 2, 2, 1, 'Prima dominical', 0, 0, 0, 0, 0, 0, 'I'), 
(18, 21, 0, 2, 2, 2, 1, 'Prima vacacional', 0, 0, 0, 0, 0, 0, 'I'), 
(19, 22, 0, 2, 2, 2, 1, 'Prima por antigüedad', 0, 0, 0, 0, 0, 0, 'I'), 
(20, 23, 0, 2, 2, 2, 1, 'Pagos por separación', 0, 0, 0, 0, 0, 0, 'I'), 
(21, 24, 0, 2, 2, 2, 1, 'Seguro de retiro', 0, 0, 0, 0, 0, 0, 'I'), 
(22, 25, 0, 2, 2, 2, 1, 'Indemnizaciones', 0, 0, 0, 0, 0, 0, 'I'), 
(23, 26, 0, 2, 2, 2, 1, 'Reembolso por funeral', 0, 0, 0, 0, 0, 0, 'I'), 
(24, 27, 0, 2, 2, 2, 1, 'Cuotas de seguridad social pagadas por el patrón', 0, 0, 0, 0, 0, 0, 'I'), 
(25, 28, 0, 2, 2, 2, 1, 'Comisiones', 0, 0, 0, 0, 0, 0, 'I'), 
(26, 29, 0, 2, 2, 1, 1, 'Vales de despensa', 0, 0, 0, 0, 0, 0, 'I'), 
(27, 30, 0, 2, 2, 2, 1, 'Vales de restaurante', 0, 0, 0, 0, 0, 0, 'I'), 
(28, 31, 0, 2, 2, 2, 1, 'Vales de gasolina', 0, 0, 0, 0, 0, 0, 'I'), 
(29, 32, 0, 2, 2, 2, 1, 'Vales de ropa', 0, 0, 0, 0, 0, 0, 'I'), 
(30, 33, 0, 2, 2, 2, 1, 'Ayuda para renta', 0, 0, 0, 0, 0, 0, 'I'), 
(31, 34, 0, 2, 2, 2, 1, 'Ayuda para artículos escolares', 0, 0, 0, 0, 0, 0, 'I'), 
(32, 35, 0, 2, 2, 2, 1, 'Ayuda para anteojos', 0, 0, 0, 0, 0, 0, 'I'), 
(33, 36, 0, 2, 2, 1, 1, 'Ayuda para transporte', 0, 0, 0, 0, 0, 0, 'I'), 
(34, 37, 0, 2, 2, 2, 1, 'Ayuda para gastos de funeral', 0, 0, 0, 0, 0, 0, 'I'), 
(35, 38, 0, 2, 2, 2, 1, 'Otros ingresos por salarios', 0, 0, 0, 0, 0, 0, 'I'), 
(36, 39, 0, 2, 2, 2, 1, 'Jubilaciones,  pensiones o haberes de retiro', 0, 0, 0, 0, 0, 0, 'I'), 
(37, 40, 0, 2, 2, 2, 1, 'Ingreso pagado por Entidades federativas,  municipios,  o demarcaciones territoriales del Distrito Federal,  organismos autónomos y entidades paraestatales y paramunicipales con ingresos propios. *', 0, 0, 0, 0, 0, 0, 'I'), 
(38, 41, 0, 2, 2, 2, 1, 'Ingreso por Entidades federativas,  municipios,  o demarcaciones territoriales del Distrito Federal,  organismos autónomos y entidades paraestatales y paramunicipales con ingresos federales.*', 0, 0, 0, 0, 0, 0, 'I'), 
(39, 42, 0, 2, 2, 2, 1, 'Ingreso pagado por Entidades federativas,  municipios,  o demarcaciones territoriales del Distrito Federal,  organismos autónomos y entidades paraestatales y paramunicipales con ingresos propios y federales.*', 0, 0, 0, 0, 0, 0, 'I'), 
(40, 43, 0, 3, 3, 3, 1, 'Jubilaciones,  pensiones o haberes de retiro en parcialidades', 0, 0, 0, 0, 0, 0, 'I'), 
(41, 44, 0, 3, 3, 3, 1, 'Ingresos en acciones o títulos valor que representan bienes', 0, 0, 0, 0, 0, 0, 'I'), 
(42, 45, 0, 3, 3, 3, 1, 'Ingresos asimilados a salarios', 0, 0, 0, 0, 0, 0, 'I'), 
(43, 46, 0, 3, 3, 3, 1, 'Alimentación', 0, 0, 0, 0, 0, 0, 'I'), 
(44, 47, 0, 3, 3, 3, 1, 'Habitación', 0, 0, 0, 0, 0, 0, 'I'), 
(45, 48, 0, 3, 3, 3, 1, 'Premios por asistencia', 0, 0, 0, 0, 0, 0, 'I'), 
(46, 49, 0, 3, 3, 3, 1, 'Viáticos', 0, 0, 0, 0, 0, 0, 'I'), 
(47, 50, 0, 2, 1, 2, 1, 'Pagos distintos a los listados y que no deben considerarse como ingreso por sueldos,  salarios o ingresos asimilados', 0, 0, 0, 0, 0, 0, 'I'), 
(48, 51, 0, 2, 1, 2, 1, 'Reintegro de ISR pagado en exceso (siempre que no haya sido enterado al SAT).', 0, 0, 0, 0, 0, 0, 'I'), 
(49, 52, 0, 2, 1, 2, 1, 'Aplicación de saldo a favor por compensación anual', 0, 0, 0, 0, 0, 0, 'I'), 
(50, 53, 0, 3, 3, 3, 1, 'Pagos por gratificaciones,  primas,  compensaciones,  recompensas u otros a extrabajadores derivados de jubilación en parcialidades', 0, 0, 0, 0, 0, 0, 'I'), 
(51, 54, 0, 3, 3, 3, 1, 'Pagos que se realicen a extrabajadores que obtengan una jubilación en parcialidades derivados de la ejecución de resoluciones judicial o de un laudo', 0, 0, 0, 0, 0, 0, 'I'), 
(52, 55, 0, 3, 3, 3, 1, 'Pagos que se realicen a extrabajadores que obtengan una jubilación en una sola exhibición derivados de la ejecución de resoluciones judicial o de un laudo', 0, 0, 0, 0, 0, 0, 'I'), 
(53, 0, 1, 1, 1, 1, -1, 'Seguridad social', 1, 0, 0, 0, 0, 0, 'I'), 
(54, 0, 2, 1, 1, 1, -1, 'ISR', 1, 0, 0, 0, 0, 0, 'I'), 
(55, 0, 3, 1, 1, 1, -1, 'Aportaciones a retiro,  cesantía en edad avanzada y vejez.', 0, 0, 0, 0, 0, 0, 'I'), 
(56, 0, 4, 2, 2, 2, -1, 'Otros', 0, 0, 0, 0, 0, 0, 'I'), 
(57, 0, 5, 1, 1, 1, -1, 'Aportaciones a Fondo de vivienda', 0, 0, 0, 0, 0, 0, 'I'), 
(58, 0, 6, 2, 2, 2, -1, 'Descuento por incapacidad', 0, 0, 0, 0, 0, 0, 'I'), 
(59, 0, 7, 2, 2, 2, -1, 'Pensión alimenticia', 0, 0, 0, 0, 0, 0, 'I'), 
(60, 0, 8, 2, 2, 2, -1, 'Renta', 0, 0, 0, 0, 0, 0, 'I'), 
(61, 0, 9, 2, 2, 2, -1, 'Préstamos provenientes del Fondo Nacional de la Vivienda para los Trabajadores', 0, 0, 0, 0, 0, 0, 'I'), 
(62, 0, 10, 2, 2, 2, -1, 'Pago por crédito de vivienda', 0, 0, 0, 0, 0, 0, 'I'), 
(63, 0, 11, 2, 2, 2, -1, 'Pago de abonos INFONACOT', 0, 0, 0, 0, 0, 0, 'I'), 
(64, 0, 12, 2, 2, 2, -1, 'Anticipo de salarios', 0, 0, 0, 0, 0, 0, 'I'), 
(65, 0, 13, 2, 2, 2, -1, 'Pagos hechos con exceso al trabajador', 0, 0, 0, 0, 0, 0, 'I'), 
(66, 0, 14, 2, 2, 2, -1, 'Errores', 0, 0, 0, 0, 0, 0, 'I'), 
(67, 0, 15, 2, 2, 2, -1, 'Pérdidas', 0, 0, 0, 0, 0, 0, 'I'), 
(68, 0, 16, 2, 2, 2, -1, 'Averías', 0, 0, 0, 0, 0, 0, 'I'), 
(69, 0, 17, 2, 2, 2, -1, 'Adquisición de artículos producidos por la empresa o establecimiento', 0, 0, 0, 0, 0, 0, 'I'), 
(70, 0, 18, 2, 2, 2, -1, 'Cuotas para la constitución y fomento de sociedades cooperativas y de cajas de ahorro', 0, 0, 0, 0, 0, 0, 'I'), 
(71, 0, 19, 2, 2, 2, -1, 'Cuotas sindicales', 0, 0, 0, 0, 0, 0, 'I'), 
(72, 0, 20, 2, 2, 2, -1, 'Ausencia (Ausentismo)', 0, 0, 0, 0, 0, 0, 'I'), 
(73, 0, 21, 2, 2, 2, -1, 'Cuotas obrero patronales', 0, 0, 0, 0, 0, 0, 'I'), 
(74, 0, 0, 2, 2, 2, 2, 'Prevision Social', 0, 0, 0, 0, 0, 0, 'I'), 
(75, 0, 20, 2, 2, 2, -1, 'Retardos', 0, 0, 0, 0, 0, 0, 'I'), 
(76, 0, 24, 3, 3, 3, -1, 'Ajuste en Gratificación Anual (Aguinaldo) Exento', 0, 0, 0, 0, 0, 0, 'I'), 
(77, 0, 25, 3, 3, 3, -1, 'Ajuste en Gratificación Anual (Aguinaldo) Gravado', 0, 0, 0, 0, 0, 0, 'I'), 
(78, 0, 26, 3, 3, 3, -1, 'Ajuste en Participación de los Trabajadores en las Utilidades PTU Exento', 0, 0, 0, 0, 0, 0, 'I'), 
(79, 0, 27, 3, 3, 3, -1, 'Ajuste en Participación de los Trabajadores en las Utilidades PTU Gravado', 0, 0, 0, 0, 0, 0, 'I'), 
(80, 0, 28, 3, 3, 3, -1, 'Ajuste en Reembolso de Gastos Médicos Dentales y Hospitalarios Exento', 0, 0, 0, 0, 0, 0, 'I'), 
(81, 0, 29, 3, 3, 3, -1, 'Ajuste en Fondo de ahorro Exento', 0, 0, 0, 0, 0, 0, 'I'), 
(82, 0, 30, 3, 3, 3, -1, 'Ajuste en Caja de ahorro Exento', 0, 0, 0, 0, 0, 0, 'I'), 
(83, 0, 31, 3, 3, 3, -1, 'Ajuste en Contribuciones a Cargo del Trabajador Pagadas por el Patrón Exento', 0, 0, 0, 0, 0, 0, 'I'), 
(84, 0, 32, 3, 3, 3, -1, 'Ajuste en Premios por puntualidad Gravado', 0, 0, 0, 0, 0, 0, 'I'), 
(85, 0, 33, 3, 3, 3, -1, 'Ajuste en Prima de Seguro de vida Exento', 0, 0, 0, 0, 0, 0, 'I'), 
(86, 0, 34, 3, 3, 3, -1, 'Ajuste en Seguro de Gastos Médicos Mayores Exento', 0, 0, 0, 0, 0, 0, 'I'), 
(87, 0, 35, 3, 3, 3, -1, 'Ajuste en Cuotas Sindicales Pagadas por el Patrón Exento', 0, 0, 0, 0, 0, 0, 'I'), 
(88, 0, 36, 3, 3, 3, -1, 'Ajuste en Subsidios por incapacidad Exento', 0, 0, 0, 0, 0, 0, 'I'), 
(89, 0, 37, 3, 3, 3, -1, 'Ajuste en Becas para trabajadores y/o hijos Exento', 0, 0, 0, 0, 0, 0, 'I'), 
(90, 0, 38, 3, 3, 3, -1, 'Ajuste en Horas extra Exento', 0, 0, 0, 0, 0, 0, 'I'), 
(91, 0, 39, 3, 3, 3, -1, 'Ajuste en Horas extra Gravado', 0, 0, 0, 0, 0, 0, 'I'), 
(92, 0, 40, 3, 3, 3, -1, 'Ajuste en Prima dominical Exento', 0, 0, 0, 0, 0, 0, 'I'), 
(93, 0, 41, 3, 3, 3, -1, 'Ajuste en Prima dominical Gravado', 0, 0, 0, 0, 0, 0, 'I'), 
(94, 0, 42, 3, 3, 3, -1, 'Ajuste en Prima vacacional Exento', 0, 0, 0, 0, 0, 0, 'I'), 
(95, 0, 43, 3, 3, 3, -1, 'Ajuste en Prima vacacional Gravado', 0, 0, 0, 0, 0, 0, 'I'), 
(96, 0, 44, 3, 3, 3, -1, 'Ajuste en Prima por antigüedad Exento', 0, 0, 0, 0, 0, 0, 'I'), 
(97, 0, 45, 3, 3, 3, -1, 'Ajuste en Prima por antigüedad Gravado', 0, 0, 0, 0, 0, 0, 'I'), 
(98, 0, 46, 3, 3, 3, -1, 'Ajuste en Pagos por separación Exento', 0, 0, 0, 0, 0, 0, 'I'), 
(99, 0, 47, 3, 3, 3, -1, 'Ajuste en Pagos por separación Gravado', 0, 0, 0, 0, 0, 0, 'I'), 
(100, 0, 48, 3, 3, 3, -1, 'Ajuste en Seguro de retiro Exento', 0, 0, 0, 0, 0, 0, 'I'), 
(101, 0, 49, 3, 3, 3, -1, 'Ajuste en Indemnizaciones Exento', 0, 0, 0, 0, 0, 0, 'I'), 
(102, 0, 50, 3, 3, 3, -1, 'Ajuste en Indemnizaciones Gravado', 0, 0, 0, 0, 0, 0, 'I'), 
(103, 0, 51, 3, 3, 3, -1, 'Ajuste en Reembolso por funeral Exento', 0, 0, 0, 0, 0, 0, 'I'), 
(104, 0, 52, 3, 3, 3, -1, 'Ajuste en Cuotas de seguridad social pagadas por el patrón Exento', 0, 0, 0, 0, 0, 0, 'I'), 
(105, 0, 53, 3, 3, 3, -1, 'Ajuste en Comisiones Gravado', 0, 0, 0, 0, 0, 0, 'I'), 
(106, 0, 54, 3, 3, 3, -1, 'Ajuste en Vales de despensa Exento', 0, 0, 0, 0, 0, 0, 'I'), 
(107, 0, 55, 3, 3, 3, -1, 'Ajuste en Vales de restaurante Exento', 0, 0, 0, 0, 0, 0, 'I'), 
(108, 0, 56, 3, 3, 3, -1, 'Ajuste en Vales de gasolina Exento', 0, 0, 0, 0, 0, 0, 'I'), 
(109, 0, 57, 3, 3, 3, -1, 'Ajuste en Vales de ropa Exento', 0, 0, 0, 0, 0, 0, 'I'), 
(110, 0, 58, 3, 3, 3, -1, 'Ajuste en Ayuda para renta Exento', 0, 0, 0, 0, 0, 0, 'I'), 
(111, 0, 59, 3, 3, 3, -1, 'Ajuste en Ayuda para artículos escolares Exento', 0, 0, 0, 0, 0, 0, 'I'), 
(112, 0, 60, 3, 3, 3, -1, 'Ajuste en Ayuda para anteojos Exento', 0, 0, 0, 0, 0, 0, 'I'), 
(113, 0, 61, 3, 3, 3, -1, 'Ajuste en Ayuda para transporte Exento', 0, 0, 0, 0, 0, 0, 'I'), 
(114, 0, 62, 3, 3, 3, -1, 'Ajuste en Ayuda para gastos de funeral Exento', 0, 0, 0, 0, 0, 0, 'I'), 
(115, 0, 63, 3, 3, 3, -1, 'Ajuste en Otros ingresos por salarios Exento', 0, 0, 0, 0, 0, 0, 'I'), 
(116, 0, 64, 3, 3, 3, -1, 'Ajuste en Otros ingresos por salarios Gravado', 0, 0, 0, 0, 0, 0, 'I'), 
(117, 0, 65, 3, 3, 3, -1, 'Ajuste en Jubilaciones,  pensiones o haberes de retiro Exento', 0, 0, 0, 0, 0, 0, 'I'), 
(118, 0, 66, 3, 3, 3, -1, 'Ajuste en Jubilaciones,  pensiones o haberes de retiro Gravado', 0, 0, 0, 0, 0, 0, 'I'), 
(119, 0, 67, 3, 3, 3, -1, 'Ajuste en Pagos por separación Acumulable', 0, 0, 0, 0, 0, 0, 'I'), 
(120, 0, 68, 3, 3, 3, -1, 'Ajuste en Pagos por separación No acumulable', 0, 0, 0, 0, 0, 0, 'I'), 
(121, 0, 69, 3, 3, 3, -1, 'Ajuste en Jubilaciones,  pensiones o haberes de retiro Acumulable', 0, 0, 0, 0, 0, 0, 'I'), 
(122, 0, 70, 3, 3, 3, -1, 'Ajuste en Jubilaciones,  pensiones o haberes de retiro No acumulable', 0, 0, 0, 0, 0, 0, 'I'), 
(123, 0, 71, 3, 3, 3, -1, 'Ajuste en Subsidio para el empleo (efectivamente entregado al trabajador)', 0, 0, 0, 0, 0, 0, 'I'), 
(124, 0, 72, 3, 3, 3, -1, 'Ajuste en Ingresos en acciones o títulos valor que representan bienes Exento', 0, 0, 0, 0, 0, 0, 'I'), 
(125, 0, 73, 3, 3, 3, -1, 'Ajuste en Ingresos en acciones o títulos valor que representan bienes Gravado', 0, 0, 0, 0, 0, 0, 'I'), 
(126, 0, 74, 3, 3, 3, -1, 'Ajuste en Alimentación Exento', 0, 0, 0, 0, 0, 0, 'I'), 
(127, 0, 75, 3, 3, 3, -1, 'Ajuste en Alimentación Gravado', 0, 0, 0, 0, 0, 0, 'I'), 
(128, 0, 76, 3, 3, 3, -1, 'Ajuste en Habitación Exento', 0, 0, 0, 0, 0, 0, 'I'), 
(129, 0, 77, 3, 3, 3, -1, 'Ajuste en Habitación Gravado', 0, 0, 0, 0, 0, 0, 'I'), 
(130, 0, 78, 3, 3, 3, -1, 'Ajuste en Premios por asistencia', 0, 0, 0, 0, 0, 0, 'I'), 
(131, 0, 79, 3, 3, 3, -1, 'Ajuste en Pagos distintos a los listados y que no deben considerarse como ingreso por sueldos,  salarios o ingresos asimilados.', 0, 0, 0, 0, 0, 0, 'I'), 
(132, 0, 80, 3, 3, 3, -1, 'Ajuste en Viáticos gravados', 0, 0, 0, 0, 0, 0, 'I'), 
(133, 0, 81, 3, 3, 3, -1, 'Ajuste en Viáticos (entregados al trabajador)', 0, 0, 0, 0, 0, 0, 'I'), 
(134, 0, 82, 3, 3, 3, -1, 'Ajuste en Fondo de ahorro Gravado', 0, 0, 0, 0, 0, 0, 'I'), 
(135, 0, 83, 3, 3, 3, -1, 'Ajuste en Caja de ahorro Gravado', 0, 0, 0, 0, 0, 0, 'I'), 
(136, 0, 84, 3, 3, 3, -1, 'Ajuste en Prima de Seguro de vida Gravado', 0, 0, 0, 0, 0, 0, 'I'), 
(137, 0, 85, 3, 3, 3, -1, 'Ajuste en Seguro de Gastos Médicos Mayores Gravado', 0, 0, 0, 0, 0, 0, 'I'), 
(138, 0, 86, 3, 3, 3, -1, 'Ajuste en Subsidios por incapacidad Gravado', 0, 0, 0, 0, 0, 0, 'I'), 
(139, 0, 87, 3, 3, 3, -1, 'Ajuste en Becas para trabajadores y/o hijos Gravado', 0, 0, 0, 0, 0, 0, 'I'), 
(140, 0, 88, 3, 3, 3, -1, 'Ajuste en Seguro de retiro Gravado', 0, 0, 0, 0, 0, 0, 'I'), 
(141, 0, 89, 3, 3, 3, -1, 'Ajuste en Vales de despensa Gravado', 0, 0, 0, 0, 0, 0, 'I'), 
(142, 0, 90, 3, 3, 3, -1, 'Ajuste en Vales de restaurante Gravado', 0, 0, 0, 0, 0, 0, 'I'), 
(143, 0, 91, 3, 3, 3, -1, 'Ajuste en Vales de gasolina Gravado', 0, 0, 0, 0, 0, 0, 'I'), 
(144, 0, 92, 3, 3, 3, -1, 'Ajuste en Vales de ropa Gravado', 0, 0, 0, 0, 0, 0, 'I'), 
(145, 0, 93, 3, 3, 3, -1, 'Ajuste en Ayuda para renta Gravado', 0, 0, 0, 0, 0, 0, 'I'), 
(146, 0, 94, 3, 3, 3, -1, 'Ajuste en Ayuda para artículos escolares Gravado', 0, 0, 0, 0, 0, 0, 'I'), 
(151, 0, 95, 3, 3, 3, -1, 'Ajuste en Ayuda para anteojos Gravado', 0, 0, 0, 0, 0, 0, 'I'), 
(152, 0, 96, 3, 3, 3, -1, 'Ajuste en Ayuda para transporte Gravado', 0, 0, 0, 0, 0, 0, 'I'), 
(153, 0, 97, 3, 3, 3, -1, 'Ajuste en Ayuda para gastos de funeral Gravado', 0, 0, 0, 0, 0, 0, 'I'), 
(159, 0, 98, 3, 3, 3, -1, 'Ajuste a ingresos asimilados a salarios gravados', 0, 0, 0, 0, 0, 0, 'I'), 
(160, 0, 99, 3, 3, 3, -1, 'Ajuste a ingresos por sueldos y salarios gravados', 0, 0, 0, 0, 0, 0, 'I'), 
(161, 0, 100, 3, 3, 3, -1, 'Ajuste en Viáticos exentos', 0, 0, 0, 0, 0, 0, 'I'), 
(162, 0, 101, 3, 3, 3, -1, 'Ajuste a pagos por gratificaciones,  primas,  compensaciones,  recompensas u otros a extrabajadores derivados de jubilación en parcialidades,  gravados', 0, 0, 0, 0, 0, 0, 'I'), 
(163, 0, 102, 3, 3, 3, -1, 'Ajuste a pagos que se realicen a extrabajadores que obtengan una jubilación en parcialidades derivados de la ejecución de una resolución judicial o de un laudo gravados', 0, 0, 0, 0, 0, 0, 'I'), 
(164, 0, 103, 3, 3, 3, -1, 'Ajuste a pagos que se realicen a extrabajadores que obtengan una jubilación en parcialidades derivados de la ejecución de una resolución judicial o de un laudo exentos', 0, 0, 0, 0, 0, 0, 'I'), 
(165, 0, 104, 3, 3, 3, -1, 'Ajuste a pagos que se realicen a extrabajadores que obtengan una jubilación en una sola exhibición derivados de la ejecución de una resolución judicial o de un laudo gravados', 0, 0, 0, 0, 0, 0, 'I'), 
(166, 0, 105, 3, 3, 3, -1, 'Ajuste a pagos que se realicen a extrabajadores que obtengan una jubilación en una sola exhibición derivados de la ejecución de una resolución judicial o de un laudo exentos', 0, 0, 0, 0, 0, 0, 'I'), 
(179, 0, 106, 3, 3, 3, -1, 'Ajuste al Subsidio Causado', 0, 0, 0, 0, 0, 0, 'I')

SET IDENTITY_INSERT Incidencias OFF
